ID Number,Type,Commodity,BOL,Origin City,Origin State,Origin Zip,Destination City,Destination State,Destination Zip,Mode, Weight ,Freight Class,Pallets,Ship Date,Invoice Date
2002028,Inbound,A4,8088488,Charleston,SC,29403,Cincinnati,OH,45209,TL,25005,,19,2007/3/9,2007/3/15
2002031,Inbound,A4,8088491,Charleston,SC,29403,Cincinnati,OH,45209,TL,34710,,26,2007/3/22,2007/3/29
2002036,Inbound,A1,8088496,Charleston,SC,29403,Macon,GA,31212,TL,20257,,16,2007/3/19,2007/3/28
2002040,Inbound,A2,8088500,Charleston,SC,29403,Cincinnati,OH,45209,TL,24720,,19,2007/3/1,2007/3/13
2002055,Inbound,A2,8088515,Charleston,SC,29403,Cincinnati,OH,45209,TL,17612,,14,2007/2/23,2007/3/8
2002067,Inbound,A1,8088527,Charleston,SC,29403,Macon,GA,31212,TL,34872,,26,2007/2/16,2007/3/1
2002072,Inbound,A4,8088532,Charleston,SC,29403,Macon,GA,31212,TL,16619,,13,2007/3/13,2007/3/30
2002075,Inbound,A5,8088535,Charleston,SC,29403,Macon,GA,31212,TL,24555,,19,2007/3/2,2007/3/13
2002092,Inbound,A4,8088552,Charleston,SC,29403,Cincinnati,OH,45209,TL,34600,,26,2007/3/9,2007/3/26
2002118,Inbound,A3,8088578,Charleston,SC,29403,Macon,GA,31212,TL,30673,,23,2007/3/5,2007/3/21
2002158,Inbound,A4,8088618,Charleston,SC,29403,Cincinnati,OH,45209,TL,16744,,13,2007/3/6,2007/3/16
2002161,Inbound,A4,8088621,Charleston,SC,29403,Cincinnati,OH,45209,LTL,10634,,8,2007/3/7,2007/3/19
2002191,Inbound,A1,8088651,Charleston,SC,29403,Cincinnati,OH,45209,TL,24197,,18,2007/2/28,2007/3/15
2002193,Inbound,A3,8088653,Charleston,SC,29403,Macon,GA,31212,TL,32885,,25,2007/3/6,2007/3/14
2002207,Inbound,A1,8088667,Charleston,SC,29403,Cincinnati,OH,45209,LTL,5350,,4,2007/3/6,2007/3/20
2002217,Inbound,A2,8088677,Charleston,SC,29403,Macon,GA,31212,LTL,10091,,8,2007/2/28,2007/3/14
2002219,Inbound,A4,8088679,Charleston,SC,29403,Macon,GA,31212,LTL,5740,,5,2007/2/27,2007/3/14
2002222,Inbound,A3,8088682,Charleston,SC,29403,Macon,GA,31212,TL,15760,,12,2007/3/2,2007/3/15
2002241,Inbound,A3,8088701,Charleston,SC,29403,Cincinnati,OH,45209,TL,28544,,22,2007/3/5,2007/3/13
2002250,Inbound,A1,8088710,Charleston,SC,29403,Macon,GA,31212,LTL,14285,,11,2007/3/2,2007/3/13
2002271,Inbound,A5,8088731,Charleston,SC,29403,Cincinnati,OH,45209,TL,24318,,19,2007/2/19,2007/3/5
2002328,Inbound,A5,8088788,Charleston,SC,29403,Cincinnati,OH,45209,LTL,9768,,8,2007/2/23,2007/3/6
2002345,Inbound,A4,8088805,Charleston,SC,29403,Macon,GA,31212,TL,26216,,20,2007/3/8,2007/3/19
2002352,Inbound,A2,8088812,Charleston,SC,29403,Cincinnati,OH,45209,TL,23709,,18,2007/3/9,2007/3/21
2002368,Inbound,A4,8088828,Charleston,SC,29403,Macon,GA,31212,LTL,12686,,10,2007/3/16,2007/3/30
2002372,Inbound,A2,8088832,Charleston,SC,29403,Cincinnati,OH,45209,LTL,10004,,8,2007/3/2,2007/3/19
2002376,Inbound,A1,8088836,Charleston,SC,29403,Macon,GA,31212,TL,24450,,19,2007/3/1,2007/3/15
2002408,Inbound,A3,8088868,Charleston,SC,29403,Macon,GA,31212,TL,14647,,11,2007/3/7,2007/3/22
2002413,Inbound,A4,8088873,Charleston,SC,29403,Macon,GA,31212,TL,9882,,8,2007/3/7,2007/3/20
2002440,Inbound,A3,8088900,Charleston,SC,29403,Cincinnati,OH,45209,TL,32599,,25,2007/3/14,2007/3/21
2002446,Inbound,A4,8088906,Charleston,SC,29403,Macon,GA,31212,TL,18610,,14,2007/2/27,2007/3/6
2002468,Inbound,A2,8088928,Charleston,SC,29403,Cincinnati,OH,45209,LTL,7025,,6,2007/3/5,2007/3/23
2002473,Inbound,A3,8088933,Charleston,SC,29403,Macon,GA,31212,TL,20890,,16,2007/2/23,2007/3/6
2002482,Inbound,A4,8088942,Charleston,SC,29403,Cincinnati,OH,45209,LTL,10164,,8,2007/2/20,2007/3/6
2002492,Inbound,A5,8088952,Charleston,SC,29403,Macon,GA,31212,LTL,6986,,6,2007/3/19,2007/3/30
2002495,Inbound,A5,8088955,Charleston,SC,29403,Cincinnati,OH,45209,LTL,13241,,10,2006/12/29,2007/3/21
2002506,Inbound,A1,8088966,Charleston,SC,29403,Cincinnati,OH,45209,LTL,7703,,6,2007/2/16,2007/3/2
2002507,Inbound,A4,8088967,Charleston,SC,29403,Macon,GA,31212,LTL,10757,,8,2007/2/28,2007/3/16
2002517,Inbound,A4,8088977,Charleston,SC,29403,Cincinnati,OH,45209,LTL,8306,,7,2007/2/12,2007/3/7
2002518,Inbound,A2,8088978,Charleston,SC,29403,Cincinnati,OH,45209,TL,20170,,15,2007/3/9,2007/3/22
2002523,Inbound,A1,8088983,Charleston,SC,29403,Macon,GA,31212,LTL,7629,,6,2007/3/8,2007/3/20
2002524,Inbound,A3,8088984,Charleston,SC,29403,Cincinnati,OH,45209,TL,31504,,24,2007/2/19,2007/3/1
2002542,Inbound,A5,8089002,Charleston,SC,29403,Macon,GA,31212,TL,16031,,12,2007/2/21,2007/3/7
2002550,Inbound,A1,8089010,Charleston,SC,29403,Cincinnati,OH,45209,TL,17130,,13,2007/3/8,2007/3/19
2002569,Inbound,A1,8089029,Charleston,SC,29403,Cincinnati,OH,45209,TL,14598,,11,2007/2/23,2007/3/8
2002589,Inbound,A5,8089049,Charleston,SC,29403,Macon,GA,31212,TL,22502,,17,2007/3/15,2007/3/23
2002609,Inbound,A2,8089069,Charleston,SC,29403,Cincinnati,OH,45209,LTL,5232,,4,2007/3/5,2007/3/19
2002629,Inbound,A5,8089089,Charleston,SC,29403,Cincinnati,OH,45209,TL,26748,,20,2007/3/26,2007/3/30
2002630,Inbound,A5,8089090,Charleston,SC,29403,Cincinnati,OH,45209,TL,31161,,24,2007/3/12,2007/3/19
2002632,Inbound,A3,8089092,Charleston,SC,29403,Cincinnati,OH,45209,TL,18158,,14,2007/2/23,2007/3/7
2002636,Inbound,A1,8089096,Charleston,SC,29403,Macon,GA,31212,TL,33483,,25,2007/3/1,2007/3/16
2002640,Inbound,A5,8089100,Charleston,SC,29403,Cincinnati,OH,45209,LTL,6618,,5,2007/3/6,2007/3/13
2002643,Inbound,A3,8089103,Charleston,SC,29403,Macon,GA,31212,TL,32338,,25,2007/2/26,2007/3/13
2002673,Inbound,A5,8089133,Charleston,SC,29403,Macon,GA,31212,LTL,8964,,7,2007/3/22,2007/3/30
2002683,Inbound,A2,8089143,Charleston,SC,29403,Macon,GA,31212,TL,30793,,23,2007/3/1,2007/3/13
2002686,Inbound,A2,8089146,Charleston,SC,29403,Cincinnati,OH,45209,LTL,5730,,5,2007/3/6,2007/3/19
2002696,Inbound,A3,8089156,Charleston,SC,29403,Macon,GA,31212,TL,19538,,15,2007/3/19,2007/3/28
2002708,Inbound,A1,8089168,Charleston,SC,29403,Cincinnati,OH,45209,LTL,11470,,9,2007/2/15,2007/3/1
2002742,Inbound,A2,8089202,Charleston,SC,29403,Macon,GA,31212,TL,30922,,23,2007/2/15,2007/3/5
2002749,Inbound,A1,8089209,Charleston,SC,29403,Cincinnati,OH,45209,TL,18703,,14,2007/3/15,2007/3/22
2002761,Inbound,A5,8089221,Charleston,SC,29403,Macon,GA,31212,TL,28368,,22,2007/3/16,2007/3/22
2002779,Inbound,A5,8089239,Charleston,SC,29403,Macon,GA,31212,TL,32475,,25,2007/3/19,2007/3/30
2002784,Inbound,A3,8089244,Charleston,SC,29403,Cincinnati,OH,45209,LTL,5882,,5,2007/2/26,2007/3/12
2002787,Inbound,A2,8089247,Charleston,SC,29403,Macon,GA,31212,TL,22005,,17,2007/2/13,2007/3/1
2002800,Inbound,A3,8089260,Charleston,SC,29403,Cincinnati,OH,45209,TL,26237,,20,2007/1/23,2007/3/23
2002827,Inbound,A3,8089287,Charleston,SC,29403,Cincinnati,OH,45209,LTL,7234,,6,2007/3/8,2007/3/19
2002833,Inbound,A4,8089293,Charleston,SC,29403,Cincinnati,OH,45209,TL,20419,,16,2007/2/22,2007/3/23
2002846,Inbound,A2,8089306,Charleston,SC,29403,Cincinnati,OH,45209,TL,29144,,22,2007/3/20,2007/3/29
2002847,Inbound,A3,8089307,Charleston,SC,29403,Cincinnati,OH,45209,TL,10648,,8,2007/2/13,2007/3/6
2002851,Inbound,A5,8089311,Charleston,SC,29403,Macon,GA,31212,TL,30463,,23,2007/3/15,2007/3/23
2002862,Inbound,A2,8089322,Charleston,SC,29403,Cincinnati,OH,45209,TL,34336,,26,2007/3/13,2007/3/27
2002873,Inbound,A5,8089333,Charleston,SC,29403,Cincinnati,OH,45209,TL,29300,,22,2007/3/1,2007/3/16
2002882,Inbound,A4,8089342,Charleston,SC,29403,Macon,GA,31212,LTL,12069,,9,2007/2/22,2007/3/9
2002883,Inbound,A3,8089343,Charleston,SC,29403,Cincinnati,OH,45209,TL,20289,,16,2007/2/20,2007/3/5
2002891,Outbound,A4,8089351,Macon,GA,31212,Knoxville,TN,37950,LTL,183,125,1,2006/11/24,2007/3/26
2002932,Outbound,A2,8089392,Macon,GA,31212,Roanoke,VA,24022,LTL,2862,70,4,2007/2/22,2007/3/12
2002935,Outbound,A4,8089395,Cincinnati,OH,45209,Goldsboro,NC,27530,LTL,908,125,2,2007/3/16,2007/3/30
2002949,Outbound,A3,8089409,Macon,GA,31212,Knoxville,TN,37950,LTL,367,92.5,1,2007/2/22,2007/3/12
2002954,Outbound,A2,8089414,Cincinnati,OH,45209,Warner Robins,GA,31095,LTL,2998,70,4,2007/3/5,2007/3/16
2002963,Outbound,A5,8089423,Macon,GA,31212,Knoxville,TN,37950,LTL,1161,200,2,2007/3/20,2007/3/26
2002978,Outbound,A5,8089438,Cincinnati,OH,45209,High Point,NC,27264,LTL,3026,200,4,2007/3/1,2007/3/13
2002979,Outbound,A1,8089439,Cincinnati,OH,45209,Columbia,SC,29202,LTL,2994,55,4,2007/3/8,2007/3/21
2002982,Outbound,A4,8089442,Cincinnati,OH,45209,Dothan,AL,36301,LTL,211,125,1,2007/3/7,2007/3/22
2002988,Outbound,A4,8089448,Macon,GA,31212,Huntsville,AL,35801,LTL,522,125,1,2007/2/26,2007/3/7
2003007,Outbound,A4,8089467,Macon,GA,31212,Toledo,OH,43601,LTL,2959,125,4,2007/3/19,2007/3/29
2003013,Outbound,A5,8089473,Cincinnati,OH,45209,Cleveland,OH,44101,LTL,2977,200,4,2007/3/2,2007/3/16
2003030,Outbound,A3,8089490,Cincinnati,OH,45209,Richmond,VA,23219,LTL,2898,92.5,4,2007/2/8,2007/3/5
2003045,Outbound,A1,8089505,Cincinnati,OH,45209,Columbia,SC,29202,LTL,1016,55,2,2007/3/19,2007/3/23
2003051,Outbound,A5,8089511,Macon,GA,31212,Charlotte,NC,28201,LTL,2759,200,4,2007/3/7,2007/3/15
2003052,Outbound,A5,8089512,Cincinnati,OH,45209,Lima,OH,45802,LTL,2902,200,4,2007/3/20,2007/3/29
2003083,Outbound,A1,8089543,Cincinnati,OH,45209,Warner Robins,GA,31095,LTL,182,55,1,2006/10/23,2007/3/29
2003110,Outbound,A4,8089570,Cincinnati,OH,45209,Perry,GA,31069,LTL,1014,125,2,2007/2/26,2007/3/13
2003111,Outbound,A2,8089571,Macon,GA,31212,Jackson,GA,30233,LTL,1172,70,2,2007/3/6,2007/3/14
2003121,Outbound,A2,8089581,Cincinnati,OH,45209,Dayton,OH,45401,LTL,2624,70,4,2007/3/12,2007/3/21
2003141,Outbound,A5,8089601,Cincinnati,OH,45209,Goldsboro,NC,27530,LTL,165,200,1,2007/2/19,2007/3/7
2003153,Outbound,A1,8089613,Macon,GA,31212,Dothan,AL,36301,LTL,595,55,1,2007/3/13,2007/3/26
2003181,Outbound,A1,8089641,Macon,GA,31212,Columbia,SC,29202,LTL,3009,55,4,2007/3/13,2007/3/27
2003182,Outbound,A1,8089642,Macon,GA,31212,High Point,NC,27264,LTL,2734,55,4,2007/2/26,2007/3/2
2003184,Outbound,A5,8089644,Macon,GA,31212,Toledo,OH,43601,LTL,2932,200,4,2007/2/23,2007/3/9
2003193,Outbound,A4,8089653,Cincinnati,OH,45209,Lexington,KY,40507,LTL,985,125,2,2007/2/12,2007/3/2
2003194,Outbound,A4,8089654,Cincinnati,OH,45209,Indianapolis,IN,46206,LTL,484,125,1,2007/2/27,2007/3/8
2003197,Outbound,A4,8089657,Macon,GA,31212,Rome,GA,30165,LTL,438,125,1,2007/2/27,2007/3/16
2003207,Outbound,A2,8089667,Cincinnati,OH,45209,Toledo,OH,43601,LTL,382,70,1,2007/3/9,2007/3/21
2003215,Outbound,A4,8089675,Cincinnati,OH,45209,Toledo,OH,43601,LTL,1206,125,2,2007/3/9,2007/3/21
2003216,Outbound,A2,8089676,Macon,GA,31212,Cleveland,TN,37311,LTL,130,70,1,2007/3/19,2007/3/27
2003238,Outbound,A1,8089698,Cincinnati,OH,45209,Wilmington,NC,28404,LTL,192,55,1,2007/3/6,2007/3/14
2003254,Outbound,A5,8089714,Cincinnati,OH,45209,Akron,OH,44309,LTL,3041,200,4,2007/3/8,2007/3/22
2003271,Outbound,A1,8089731,Macon,GA,31212,Springfield,OH,45501,LTL,184,55,1,2007/2/21,2007/3/2
2003276,Outbound,A1,8089736,Cincinnati,OH,45209,Columbia,SC,29202,LTL,223,55,1,2007/3/8,2007/3/15
2003277,Outbound,A4,8089737,Cincinnati,OH,45209,Mount Pleasant,SC,29464,LTL,2623,125,4,2007/2/21,2007/3/2
2003301,Outbound,A1,8089761,Cincinnati,OH,45209,Conway,SC,29526,LTL,887,55,2,2007/2/28,2007/3/13
2003333,Outbound,A4,8089793,Macon,GA,31212,Johnson City,TN,37601,LTL,2939,125,4,2007/3/12,2007/3/27
2003353,Outbound,A3,8089813,Cincinnati,OH,45209,Indianapolis,IN,46206,LTL,838,92.5,2,2007/2/21,2007/3/5
2003396,Outbound,A4,8089856,Macon,GA,31212,Myrtle Beach,SC,29572,LTL,1224,125,2,2007/3/1,2007/3/13
2003420,Outbound,A1,8089880,Macon,GA,31212,Savannah,GA,31402,LTL,2860,55,4,2007/3/26,2007/3/30
2003440,Outbound,A4,8089900,Cincinnati,OH,45209,Huntsville,AL,35801,LTL,1037,125,2,2007/3/19,2007/3/26
2003455,Outbound,A4,8089915,Cincinnati,OH,45209,Columbus,OH,43216,LTL,2876,125,4,2007/3/15,2007/3/23
2003461,Outbound,A5,8089921,Cincinnati,OH,45209,Johnson City,TN,37601,LTL,2629,200,4,2007/2/28,2007/3/12
2003473,Outbound,A3,8089933,Cincinnati,OH,45209,Huntsville,AL,35801,LTL,300,92.5,1,2007/2/21,2007/3/7
2003483,Outbound,A1,8089943,Macon,GA,31212,Cleveland,TN,37311,LTL,2954,55,4,2007/2/20,2007/3/5
2003500,Outbound,A3,8089960,Macon,GA,31212,Hagerstown,MD,21740,LTL,858,92.5,2,2007/3/8,2007/3/20
2003503,Outbound,A3,8089963,Cincinnati,OH,45209,Bowling Green,KY,42101,LTL,978,92.5,2,2007/3/12,2007/3/22
2003505,Outbound,A1,8089965,Cincinnati,OH,45209,Mount Pleasant,SC,29464,LTL,1055,55,2,2007/3/15,2007/3/26
2003506,Outbound,A4,8089966,Macon,GA,31212,Winston Salem,NC,27102,LTL,1249,125,2,2007/3/9,2007/3/19
2003512,Outbound,A5,8089972,Macon,GA,31212,Johnson City,TN,37601,LTL,161,200,1,2007/3/12,2007/3/23
2003518,Outbound,A2,8089978,Macon,GA,31212,Columbia,SC,29202,LTL,1121,70,2,2007/3/13,2007/3/26
2003540,Outbound,A1,8090000,Cincinnati,OH,45209,Jackson,GA,30233,LTL,214,55,1,2007/2/15,2007/3/5
2003544,Outbound,A1,8090004,Macon,GA,31212,Chattanooga,TN,37401,LTL,2851,55,4,2007/3/6,2007/3/12
2003548,Outbound,A5,8090008,Macon,GA,31212,Bluefield,VA,24605,LTL,1191,200,2,2007/2/21,2007/3/6
2003549,Outbound,A5,8090009,Macon,GA,31212,High Point,NC,27264,LTL,2836,200,4,2007/2/19,2007/3/8
2003553,Outbound,A2,8090013,Cincinnati,OH,45209,Birmingham,AL,35203,LTL,906,70,2,2007/3/12,2007/3/21
2003555,Outbound,A3,8090015,Cincinnati,OH,45209,Springfield,OH,45501,LTL,1213,92.5,2,2007/2/26,2007/3/8
2003584,Outbound,A4,8090044,Macon,GA,31212,Kingsport,TN,37662,LTL,204,125,1,2007/1/19,2007/3/9
2003587,Outbound,A3,8090047,Cincinnati,OH,45209,Greenville,SC,29612,LTL,1127,92.5,2,2007/2/21,2007/3/12
2003597,Outbound,A4,8090057,Macon,GA,31212,Pittsburgh,PA,15233,LTL,2651,125,4,2007/3/15,2007/3/30
2003599,Outbound,A2,8090059,Macon,GA,31212,Macon,GA,31201,LTL,300,70,1,2007/3/14,2007/3/30
2003628,Outbound,A2,8090088,Macon,GA,31212,High Point,NC,27264,LTL,1147,70,2,2007/3/7,2007/3/23
2003629,Outbound,A4,8090089,Cincinnati,OH,45209,Fort Wayne,IN,46802,LTL,485,125,1,2007/3/13,2007/3/22
2003633,Outbound,A1,8090093,Macon,GA,31212,Kingsport,TN,37662,LTL,386,55,1,2007/2/22,2007/3/6
2003640,Outbound,A5,8090100,Cincinnati,OH,45209,Chattanooga,TN,37401,LTL,3090,200,5,2007/3/1,2007/3/15
2003648,Outbound,A5,8090108,Macon,GA,31212,Jackson,GA,30233,LTL,1050,200,2,2007/3/5,2007/3/23
2003664,Outbound,A4,8090124,Cincinnati,OH,45209,Roanoke,VA,24022,LTL,3030,125,4,2007/3/12,2007/3/28
2003684,Outbound,A1,8090144,Cincinnati,OH,45209,Erie,PA,16501,LTL,1180,55,2,2007/2/21,2007/3/2
2003691,Outbound,A5,8090151,Cincinnati,OH,45209,Roanoke,VA,24022,LTL,2871,200,4,2007/3/20,2007/3/28
2003709,Outbound,A2,8090169,Cincinnati,OH,45209,Winston Salem,NC,27102,LTL,1117,70,2,2007/3/15,2007/3/28
2003716,Outbound,A5,8090176,Cincinnati,OH,45209,Jackson,GA,30233,LTL,2609,200,4,2007/2/14,2007/3/2
2003736,Outbound,A1,8090196,Cincinnati,OH,45209,Indianapolis,IN,46206,LTL,805,55,2,2007/2/16,2007/3/9
2003744,Outbound,A5,8090204,Cincinnati,OH,45209,Roanoke,VA,24022,LTL,846,200,2,2007/3/8,2007/3/16
2003746,Outbound,A1,8090206,Macon,GA,31212,Columbia,SC,29202,LTL,3048,55,4,2007/2/15,2007/3/9
2003753,Outbound,A4,8090213,Macon,GA,31212,Roanoke,VA,24022,LTL,3062,125,4,2007/2/16,2007/3/6
2003769,Outbound,A1,8090229,Macon,GA,31212,Richmond,VA,23219,LTL,1258,55,2,2007/3/8,2007/3/20
2003771,Outbound,A3,8090231,Macon,GA,31212,Charlotte,NC,28201,LTL,990,92.5,2,2007/3/16,2007/3/29
2003799,Outbound,A3,8090259,Cincinnati,OH,45209,Dothan,AL,36301,LTL,1228,92.5,2,2007/3/9,2007/3/22
2003812,Outbound,A2,8090272,Macon,GA,31212,Pittsburgh,PA,15233,LTL,990,70,2,2007/2/20,2007/3/2
2003820,Outbound,A1,8090280,Cincinnati,OH,45209,Peachtree City,GA,30269,LTL,213,55,1,2007/3/13,2007/3/27
2003830,Outbound,A2,8090290,Cincinnati,OH,45209,Lima,OH,45802,LTL,529,70,1,2006/12/7,2007/3/9
2003849,Outbound,A3,8090309,Macon,GA,31212,Wilmington,NC,28404,LTL,1081,92.5,2,2007/2/19,2007/3/5
2003864,Outbound,A1,8090324,Macon,GA,31212,Cleveland,OH,44101,LTL,1105,55,2,2007/2/15,2007/3/2
2003886,Outbound,A2,8090346,Macon,GA,31212,Dothan,AL,36301,LTL,872,70,2,2007/2/21,2007/3/7
2003902,Outbound,A3,8090362,Cincinnati,OH,45209,Jackson,GA,30233,LTL,207,92.5,1,2007/2/26,2007/3/14
2003936,Outbound,A5,8090396,Cincinnati,OH,45209,LaGrange,GA,30240,LTL,3086,200,5,2007/3/5,2007/3/13
2003938,Outbound,A1,8090398,Macon,GA,31212,Columbus,OH,43216,LTL,3003,55,4,2007/3/2,2007/3/19
2003955,Outbound,A4,8090415,Macon,GA,31212,Macon,GA,31201,LTL,1277,125,2,2007/3/16,2007/3/28
2003957,Outbound,A4,8090417,Cincinnati,OH,45209,Columbus,OH,43216,LTL,1089,125,2,2007/3/6,2007/3/19
2003967,Outbound,A3,8090427,Macon,GA,31212,Knoxville,TN,37950,LTL,1261,92.5,2,2007/2/28,2007/3/13
2003974,Outbound,A4,8090434,Macon,GA,31212,Pittsburgh,PA,15233,LTL,2653,125,4,2007/3/12,2007/3/26
2003975,Outbound,A5,8090435,Macon,GA,31212,Macon,GA,31201,LTL,188,200,1,2007/3/16,2007/3/28
2003998,Outbound,A4,8090458,Macon,GA,31212,High Point,NC,27264,LTL,181,125,1,2007/3/5,2007/3/20
2004001,Outbound,A3,8090461,Macon,GA,31212,Savannah,GA,31402,LTL,1110,92.5,2,2007/3/19,2007/3/26
2004003,Outbound,A4,8090463,Cincinnati,OH,45209,Columbia,SC,29202,LTL,1295,125,2,2007/3/13,2007/3/20
2004009,Outbound,A3,8090469,Macon,GA,31212,Birmingham,AL,35203,LTL,2815,92.5,4,2007/3/9,2007/3/22
2004017,Outbound,A1,8090477,Cincinnati,OH,45209,Conway,SC,29526,LTL,199,55,1,2007/2/22,2007/3/14
2004028,Outbound,A2,8090488,Macon,GA,31212,Columbus,OH,43216,LTL,119,70,1,2007/3/19,2007/3/27
2004038,Outbound,A2,8090498,Cincinnati,OH,45209,Columbus,OH,43216,LTL,311,70,1,2007/2/28,2007/3/19
2004049,Outbound,A2,8090509,Macon,GA,31212,Bowling Green,KY,42101,LTL,591,70,1,2007/3/5,2007/3/14
2004051,Outbound,A5,8090511,Macon,GA,31212,Goldsboro,NC,27530,LTL,526,200,1,2007/3/12,2007/3/30
2004055,Outbound,A1,8090515,Macon,GA,31212,Macon,GA,31201,LTL,231,55,1,2007/3/1,2007/3/13
2004070,Outbound,A2,8090530,Macon,GA,31212,Warner Robins,GA,31095,LTL,471,70,1,2007/3/14,2007/3/21
2004086,Outbound,A1,8090546,Cincinnati,OH,45209,Pittsburgh,PA,15233,LTL,2954,55,4,2007/3/16,2007/3/27
2004100,Outbound,A2,8090560,Cincinnati,OH,45209,High Point,NC,27264,LTL,807,70,2,2007/3/9,2007/3/27
2004113,Outbound,A5,8090573,Macon,GA,31212,Winston Salem,NC,27102,LTL,3030,200,4,2007/3/15,2007/3/28
2004115,Outbound,A2,8090575,Macon,GA,31212,Asheville,NC,28801,LTL,352,70,1,2007/3/8,2007/3/20
2004124,Outbound,A1,8090584,Cincinnati,OH,45209,Kingsport,TN,37662,LTL,441,55,1,2007/2/20,2007/3/5
2004126,Outbound,A2,8090586,Macon,GA,31212,Hagerstown,MD,21740,LTL,2955,70,4,2007/2/26,2007/3/9
2004134,Outbound,A4,8090594,Macon,GA,31212,Toledo,OH,43601,LTL,2797,125,4,2007/2/22,2007/3/14
2004135,Outbound,A3,8090595,Macon,GA,31212,Staunton,VA,24401,LTL,914,92.5,2,2007/3/12,2007/3/27
2004137,Outbound,A2,8090597,Cincinnati,OH,45209,Toledo,OH,43601,LTL,2642,70,4,2007/2/21,2007/3/1
2004158,Outbound,A2,8090618,Macon,GA,31212,Birmingham,AL,35203,LTL,2642,70,4,2007/2/27,2007/3/12
2004171,Outbound,A3,8090631,Macon,GA,31212,Augusta,GA,30903,LTL,2890,92.5,4,2007/2/28,2007/3/15
2004191,Outbound,A3,8090651,Cincinnati,OH,45209,Augusta,GA,30903,LTL,955,92.5,2,2007/3/12,2007/3/29
2004224,Outbound,A2,8090684,Cincinnati,OH,45209,Huntsville,AL,35801,LTL,2729,70,4,2007/2/9,2007/3/1
2004229,Outbound,A1,8090689,Cincinnati,OH,45209,Jackson,GA,30233,LTL,340,55,1,2007/2/2,2007/3/5
2004274,Outbound,A2,8090734,Cincinnati,OH,45209,Columbus,OH,43216,LTL,3095,70,5,2007/3/7,2007/3/21
2004282,Outbound,A3,8090742,Macon,GA,31212,Toledo,OH,43601,LTL,3069,92.5,4,2007/2/19,2007/3/5
2004284,Outbound,A1,8090744,Cincinnati,OH,45209,LaGrange,GA,30240,LTL,2897,55,4,2007/2/20,2007/3/7
2004293,Outbound,A2,8090753,Macon,GA,31212,Greenville,SC,29612,LTL,508,70,1,2007/3/8,2007/3/20
2004308,Outbound,A2,8090768,Macon,GA,31212,Greenville,SC,29612,LTL,1146,70,2,2007/3/21,2007/3/30
2004314,Outbound,A2,8090774,Macon,GA,31212,Goldsboro,NC,27530,LTL,878,70,2,2007/3/9,2007/3/23
2004326,Outbound,A2,8090786,Macon,GA,31212,Dayton,OH,45401,LTL,339,70,1,2007/3/2,2007/3/7
2004331,Outbound,A1,8090791,Macon,GA,31212,Bowling Green,KY,42101,LTL,1099,55,2,2007/3/16,2007/3/28
2004332,Outbound,A2,8090792,Cincinnati,OH,45209,Indianapolis,IN,46206,LTL,170,70,1,2007/2/26,2007/3/6
2004336,Outbound,A3,8090796,Cincinnati,OH,45209,Cleveland,OH,44101,LTL,367,92.5,1,2007/2/20,2007/3/5
2004355,Outbound,A2,8090815,Cincinnati,OH,45209,Asheville,NC,28801,LTL,607,70,1,2007/3/8,2007/3/22
2004357,Outbound,A4,8090817,Cincinnati,OH,45209,Bluefield,VA,24605,LTL,2880,125,4,2007/3/13,2007/3/23
2004365,Outbound,A1,8090825,Macon,GA,31212,Albany,GA,31706,LTL,121,55,1,2007/3/7,2007/3/20
2004392,Outbound,A3,8090852,Cincinnati,OH,45209,Charlotte,NC,28201,LTL,2987,92.5,4,2007/3/13,2007/3/30
2004394,Outbound,A4,8090854,Macon,GA,31212,Conway,SC,29526,LTL,490,125,1,2007/2/21,2007/3/14
2004419,Outbound,A1,8090879,Cincinnati,OH,45209,Augusta,GA,30903,LTL,848,55,2,2007/2/22,2007/3/7
2004431,Outbound,A5,8090891,Macon,GA,31212,Alpharetta,GA,30022,LTL,132,200,1,2007/3/5,2007/3/16
2004458,Outbound,A1,8090918,Cincinnati,OH,45209,Asheville,NC,28801,LTL,515,55,1,2007/3/7,2007/3/20
2004476,Outbound,A5,8090936,Macon,GA,31212,Columbia,SC,29202,LTL,2680,200,4,2007/3/7,2007/3/27
2004529,Outbound,A1,8090989,Cincinnati,OH,45209,Staunton,VA,24401,LTL,349,55,1,2007/3/21,2007/3/28
2004531,Outbound,A2,8090991,Macon,GA,31212,Richmond,VA,23219,LTL,1032,70,2,2007/3/5,2007/3/15
2004554,Outbound,A2,8091014,Macon,GA,31212,Cleveland,OH,44101,LTL,441,70,1,2007/3/8,2007/3/15
2004563,Outbound,A2,8091023,Macon,GA,31212,Cleveland,OH,44101,LTL,122,70,1,2007/3/6,2007/3/16
2004581,Outbound,A2,8091041,Cincinnati,OH,45209,Staunton,VA,24401,LTL,310,70,1,2007/2/23,2007/3/9
2004598,Outbound,A2,8091058,Macon,GA,31212,Spartanburg,SC,29304,LTL,2974,70,4,2007/2/14,2007/3/1
2004604,Outbound,A4,8091064,Cincinnati,OH,45209,Charlotte,NC,28201,LTL,2667,125,4,2007/2/22,2007/3/12
2004609,Outbound,A2,8091069,Macon,GA,31212,Winston Salem,NC,27102,LTL,1191,70,2,2007/3/14,2007/3/26
2004615,Outbound,A2,8091075,Cincinnati,OH,45209,Akron,OH,44309,LTL,1037,70,2,2007/3/12,2007/3/20
2004633,Outbound,A2,8091093,Cincinnati,OH,45209,Peachtree City,GA,30269,LTL,1284,70,2,2007/3/20,2007/3/30
2004641,Outbound,A3,8091101,Cincinnati,OH,45209,Warner Robins,GA,31095,LTL,342,92.5,1,2007/3/14,2007/3/21
2004643,Outbound,A1,8091103,Macon,GA,31212,Springfield,OH,45501,LTL,2691,55,4,2007/3/1,2007/3/14
2004659,Outbound,A2,8091119,Macon,GA,31212,Columbus,OH,43216,LTL,119,70,1,2007/3/5,2007/3/19
2004661,Outbound,A4,8091121,Cincinnati,OH,45209,Staunton,VA,24401,LTL,554,125,1,2007/3/9,2007/3/23
2004679,Outbound,A5,8091139,Cincinnati,OH,45209,Johnson City,TN,37601,LTL,818,200,2,2007/2/23,2007/3/13
2004692,Outbound,A4,8091152,Cincinnati,OH,45209,Alpharetta,GA,30022,LTL,234,125,1,2007/3/13,2007/3/26
2004695,Outbound,A3,8091155,Cincinnati,OH,45209,Indianapolis,IN,46206,LTL,530,92.5,1,2007/3/14,2007/3/20
2004699,Outbound,A1,8091159,Cincinnati,OH,45209,Hagerstown,MD,21740,LTL,442,55,1,2007/2/16,2007/3/2
2004728,Outbound,A4,8091188,Cincinnati,OH,45209,Birmingham,AL,35203,LTL,2943,125,4,2007/3/6,2007/3/22
2004737,Outbound,A1,8091197,Macon,GA,31212,Alpharetta,GA,30022,LTL,1273,55,2,2007/3/13,2007/3/19
2004746,Outbound,A5,8091206,Cincinnati,OH,45209,Hagerstown,MD,21740,LTL,812,200,2,2007/3/20,2007/3/29
2004756,Outbound,A3,8091216,Cincinnati,OH,45209,Columbia,SC,29202,LTL,586,92.5,1,2007/3/7,2007/3/14
2004769,Outbound,A1,8091229,Macon,GA,31212,Richmond,VA,23219,LTL,2990,55,4,2007/3/2,2007/3/14
2004770,Outbound,A3,8091230,Cincinnati,OH,45209,Columbus,OH,43216,LTL,1170,92.5,2,2007/2/27,2007/3/7
2004773,Outbound,A4,8091233,Cincinnati,OH,45209,Rome,GA,30165,LTL,974,125,2,2007/3/5,2007/3/16
2004782,Outbound,A5,8091242,Macon,GA,31212,Asheville,NC,28801,LTL,419,200,1,2007/2/19,2007/3/7
2004792,Outbound,A1,8091252,Macon,GA,31212,Richmond,VA,23219,LTL,1232,55,2,2007/2/22,2007/3/9
2004796,Outbound,A1,8091256,Macon,GA,31212,Richmond,VA,23219,LTL,314,55,1,2007/3/14,2007/3/30
2004800,Outbound,A3,8091260,Cincinnati,OH,45209,Greenville,SC,29612,LTL,1046,92.5,2,2007/2/14,2007/3/5
2004804,Outbound,A4,8091264,Cincinnati,OH,45209,Chattanooga,TN,37401,LTL,297,125,1,2007/3/6,2007/3/22
2004826,Outbound,A3,8091286,Cincinnati,OH,45209,Toledo,OH,43601,LTL,221,92.5,1,2007/3/8,2007/3/19
2004828,Outbound,A5,8091288,Macon,GA,31212,Conway,SC,29526,LTL,1258,200,2,2007/2/28,2007/3/12
2004829,Outbound,A3,8091289,Macon,GA,31212,Alpharetta,GA,30022,LTL,1060,92.5,2,2007/2/22,2007/3/6
2004832,Outbound,A5,8091292,Cincinnati,OH,45209,Richmond,VA,23219,LTL,2973,200,4,2007/2/6,2007/3/1
2004834,Outbound,A5,8091294,Macon,GA,31212,Kingsport,TN,37662,LTL,455,200,1,2007/2/20,2007/3/5
2004857,Outbound,A4,8091317,Macon,GA,31212,Chattanooga,TN,37401,LTL,537,125,1,2007/2/20,2007/3/5
2004893,Outbound,A3,8091353,Macon,GA,31212,Birmingham,AL,35203,LTL,915,92.5,2,2007/2/16,2007/3/5
2004911,Outbound,A1,8091371,Macon,GA,31212,Macon,GA,31201,LTL,2661,55,4,2007/2/19,2007/3/8
2004925,Outbound,A1,8091385,Macon,GA,31212,Albany,GA,31706,LTL,1284,55,2,2007/3/2,2007/3/14
2004929,Outbound,A5,8091389,Cincinnati,OH,45209,Albany,GA,31706,LTL,3045,200,4,2007/2/23,2007/3/8
2004935,Outbound,A1,8091395,Macon,GA,31212,Wilmington,NC,28404,LTL,983,55,2,2007/2/27,2007/3/13
2004939,Outbound,A1,8091399,Cincinnati,OH,45209,Wilmington,NC,28404,LTL,576,55,1,2007/3/16,2007/3/30
2004945,Outbound,A4,8091405,Macon,GA,31212,Cleveland,OH,44101,LTL,1136,125,2,2007/2/15,2007/3/5
2004957,Outbound,A1,8091417,Macon,GA,31212,Pittsburgh,PA,15233,LTL,339,55,1,2007/3/9,2007/3/21
2004958,Outbound,A4,8091418,Cincinnati,OH,45209,Conway,SC,29526,LTL,3063,125,4,2007/3/1,2007/3/15
2004960,Outbound,A4,8091420,Cincinnati,OH,45209,Savannah,GA,31402,LTL,1157,125,2,2007/2/22,2007/3/9
2004962,Outbound,A2,8091422,Cincinnati,OH,45209,Toledo,OH,43601,LTL,283,70,1,2007/2/20,2007/3/1
2004964,Outbound,A4,8091424,Cincinnati,OH,45209,Fort Wayne,IN,46802,LTL,431,125,1,2007/2/20,2007/3/1
2004966,Outbound,A5,8091426,Cincinnati,OH,45209,Springfield,OH,45501,LTL,338,200,1,2007/3/1,2007/3/15
2004987,Outbound,A3,8091447,Macon,GA,31212,Savannah,GA,31402,LTL,2921,92.5,4,2007/2/28,2007/3/19
2004992,Outbound,A1,8091452,Macon,GA,31212,Knoxville,TN,37950,LTL,508,55,1,2007/3/2,2007/3/19
2005004,Outbound,A1,8091464,Cincinnati,OH,45209,Greenville,SC,29612,LTL,928,55,2,2007/3/1,2007/3/12
2005050,Outbound,A4,8091510,Macon,GA,31212,Lima,OH,45802,LTL,1004,125,2,2007/3/8,2007/3/21
2005058,Outbound,A5,8091518,Macon,GA,31212,Asheville,NC,28801,LTL,469,200,1,2007/2/19,2007/3/2
2005066,Outbound,A4,8091526,Cincinnati,OH,45209,High Point,NC,27264,LTL,2796,125,4,2007/3/22,2007/3/27
2005076,Outbound,A2,8091536,Cincinnati,OH,45209,Roanoke,VA,24022,LTL,2903,70,4,2007/3/15,2007/3/26
2005077,Outbound,A2,8091537,Cincinnati,OH,45209,Conway,SC,29526,LTL,1217,70,2,2007/3/9,2007/3/26
2005099,Outbound,A3,8091559,Cincinnati,OH,45209,Dayton,OH,45401,LTL,1006,92.5,2,2007/3/19,2007/3/23
2005109,Outbound,A1,8091569,Macon,GA,31212,Rome,GA,30165,LTL,1088,55,2,2007/3/16,2007/3/26
2005134,Outbound,A1,8091594,Cincinnati,OH,45209,Toledo,OH,43601,LTL,942,55,2,2007/3/9,2007/3/21
2005137,Outbound,A3,8091597,Cincinnati,OH,45209,Huntsville,AL,35801,LTL,921,92.5,2,2007/2/16,2007/3/1
2005166,Outbound,A5,8091626,Macon,GA,31212,Albany,GA,31706,LTL,2633,200,4,2007/3/16,2007/3/29
2005170,Outbound,A1,8091630,Cincinnati,OH,45209,Winston Salem,NC,27102,LTL,919,55,2,2007/3/2,2007/3/19
2005198,Outbound,A5,8091658,Cincinnati,OH,45209,Erie,PA,16501,LTL,2973,200,4,2007/3/2,2007/3/19
2005210,Outbound,A5,8091670,Cincinnati,OH,45209,Dayton,OH,45401,LTL,318,200,1,2007/2/28,2007/3/13
2005216,Outbound,A5,8091676,Macon,GA,31212,Dothan,AL,36301,LTL,142,200,1,2007/3/9,2007/3/26
2005236,Outbound,A1,8091696,Macon,GA,31212,Chattanooga,TN,37401,LTL,410,55,1,2007/2/23,2007/3/8
2005240,Outbound,A2,8091700,Cincinnati,OH,45209,Erie,PA,16501,LTL,1206,70,2,2007/2/26,2007/3/12
2005242,Outbound,A3,8091702,Cincinnati,OH,45209,Winston Salem,NC,27102,LTL,457,92.5,1,2007/3/14,2007/3/22
2005251,Outbound,A1,8091711,Macon,GA,31212,Perry,GA,31069,LTL,2702,55,4,2007/2/27,2007/3/14
2005259,Outbound,A3,8091719,Macon,GA,31212,Dothan,AL,36301,LTL,313,92.5,1,2007/2/23,2007/3/12
2005260,Outbound,A3,8091720,Macon,GA,31212,Indianapolis,IN,46206,LTL,450,92.5,1,2007/3/1,2007/3/9
2005276,Outbound,A3,8091736,Macon,GA,31212,Jackson,GA,30233,LTL,170,92.5,1,2007/2/28,2007/3/15
2005283,Outbound,A1,8091743,Cincinnati,OH,45209,Columbus,OH,43216,LTL,2914,55,4,2007/3/5,2007/3/14
2005288,Outbound,A5,8091748,Cincinnati,OH,45209,Cleveland,TN,37311,LTL,280,200,1,2007/2/26,2007/3/13
2005298,Outbound,A4,8091758,Cincinnati,OH,45209,Bluefield,VA,24605,LTL,359,125,1,2007/2/16,2007/3/1
2005304,Outbound,A3,8091764,Cincinnati,OH,45209,Roanoke,VA,24022,LTL,1253,92.5,2,2007/2/22,2007/3/5
2005334,Outbound,A5,8091794,Cincinnati,OH,45209,Albany,GA,31706,LTL,2679,200,4,2007/3/6,2007/3/21
2005355,Outbound,A4,8091815,Macon,GA,31212,Conway,SC,29526,LTL,2627,125,4,2007/2/23,2007/3/6
2005361,Outbound,A3,8091821,Cincinnati,OH,45209,Conway,SC,29526,LTL,354,92.5,1,2007/2/20,2007/3/2
2005368,Outbound,A4,8091828,Macon,GA,31212,Rome,GA,30165,LTL,213,125,1,2007/3/14,2007/3/23
2005404,Outbound,A4,8091864,Cincinnati,OH,45209,Winston Salem,NC,27102,LTL,3038,125,4,2007/2/27,2007/3/8
2005412,Outbound,A5,8091872,Cincinnati,OH,45209,Lima,OH,45802,LTL,461,200,1,2007/1/29,2007/3/8
2005413,Outbound,A1,8091873,Macon,GA,31212,Macon,GA,31201,LTL,1170,55,2,2007/3/20,2007/3/27
2005414,Outbound,A1,8091874,Macon,GA,31212,Lexington,KY,40507,LTL,314,55,1,2007/3/1,2007/3/13
2005419,Outbound,A4,8091879,Cincinnati,OH,45209,Fort Wayne,IN,46802,LTL,1011,125,2,2007/2/27,2007/3/13
2005452,Outbound,A2,8091912,Macon,GA,31212,Mount Pleasant,SC,29464,LTL,344,70,1,2007/3/14,2007/3/20
2005473,Outbound,A5,8091933,Macon,GA,31212,Myrtle Beach,SC,29572,LTL,3074,200,4,2007/3/19,2007/3/26
2005479,Outbound,A3,8091939,Cincinnati,OH,45209,Lima,OH,45802,LTL,500,92.5,1,2007/3/13,2007/3/21
2005498,Outbound,A4,8091958,Cincinnati,OH,45209,Perry,GA,31069,LTL,3072,125,4,2007/2/27,2007/3/13
2005501,Outbound,A3,8091961,Macon,GA,31212,Knoxville,TN,37950,LTL,2825,92.5,4,2007/2/13,2007/3/1
2005511,Outbound,A2,8091971,Cincinnati,OH,45209,Pittsburgh,PA,15233,LTL,404,70,1,2007/3/8,2007/3/15
2005529,Outbound,A5,8091989,Macon,GA,31212,Jackson,GA,30233,LTL,1116,200,2,2007/2/20,2007/3/1
2005543,Outbound,A4,8092003,Cincinnati,OH,45209,Chattanooga,TN,37401,LTL,412,125,1,2007/3/7,2007/3/19
2005556,Outbound,A4,8092016,Cincinnati,OH,45209,Pittsburgh,PA,15233,LTL,2935,125,4,2007/3/9,2007/3/19
2005574,Outbound,A4,8092034,Macon,GA,31212,Johnson City,TN,37601,LTL,1169,125,2,2007/2/21,2007/3/2
2005586,Outbound,A5,8092046,Macon,GA,31212,Savannah,GA,31402,LTL,590,200,1,2007/2/23,2007/3/8
2005589,Outbound,A5,8092049,Cincinnati,OH,45209,Cleveland,TN,37311,LTL,2976,200,4,2007/3/9,2007/3/28
2005591,Outbound,A4,8092051,Cincinnati,OH,45209,Myrtle Beach,SC,29572,LTL,413,125,1,2007/2/27,2007/3/14
2005592,Outbound,A3,8092052,Cincinnati,OH,45209,LaGrange,GA,30240,LTL,1126,92.5,2,2007/3/7,2007/3/21
2005595,Outbound,A2,8092055,Macon,GA,31212,Huntsville,AL,35801,LTL,208,70,1,2007/2/21,2007/3/5
2005596,Outbound,A2,8092056,Cincinnati,OH,45209,Fort Wayne,IN,46802,LTL,3009,70,4,2007/2/27,2007/3/12
2005606,Outbound,A3,8092066,Cincinnati,OH,45209,Bluefield,VA,24605,LTL,2748,92.5,4,2007/2/26,2007/3/7
2005607,Outbound,A1,8092067,Cincinnati,OH,45209,Charlotte,NC,28201,LTL,1022,55,2,2007/3/14,2007/3/30
2005613,Outbound,A1,8092073,Cincinnati,OH,45209,Toledo,OH,43601,LTL,913,55,2,2007/3/6,2007/3/13
2005616,Outbound,A3,8092076,Cincinnati,OH,45209,Richmond,VA,23219,LTL,834,92.5,2,2007/2/21,2007/3/2
2005645,Outbound,A2,8092105,Macon,GA,31212,Bowling Green,KY,42101,LTL,2643,70,4,2007/3/5,2007/3/13
2005657,Outbound,A3,8092117,Macon,GA,31212,Staunton,VA,24401,LTL,403,92.5,1,2007/2/28,2007/3/9
2005669,Outbound,A3,8092129,Macon,GA,31212,Alpharetta,GA,30022,LTL,1287,92.5,2,2007/3/16,2007/3/28
2005682,Outbound,A5,8092142,Macon,GA,31212,Johnson City,TN,37601,LTL,811,200,2,2007/2/26,2007/3/8
2005695,Outbound,A4,8092155,Cincinnati,OH,45209,Cleveland,OH,44101,LTL,497,125,1,2007/3/19,2007/3/28
2005716,Outbound,A4,8092176,Macon,GA,31212,Alpharetta,GA,30022,LTL,140,125,1,2007/2/26,2007/3/5
2005722,Outbound,A2,8092182,Cincinnati,OH,45209,Indianapolis,IN,46206,LTL,890,70,2,2007/2/16,2007/3/1
2005739,Outbound,A2,8092199,Macon,GA,31212,Johnson City,TN,37601,LTL,1140,70,2,2007/2/13,2007/3/1
2005747,Outbound,A5,8092207,Cincinnati,OH,45209,Lima,OH,45802,LTL,1288,200,2,2007/3/20,2007/3/30
2005784,Outbound,A5,8092244,Macon,GA,31212,Columbus,OH,43216,LTL,2805,200,4,2007/2/19,2007/3/6
2005793,Outbound,A5,8092253,Cincinnati,OH,45209,Greenville,SC,29612,LTL,809,200,2,2007/3/12,2007/3/26
2005794,Outbound,A2,8092254,Cincinnati,OH,45209,Dothan,AL,36301,LTL,281,70,1,2007/2/23,2007/3/12
2005811,Outbound,A2,8092271,Macon,GA,31212,Kingsport,TN,37662,LTL,243,70,1,2007/2/23,2007/3/13
2005812,Outbound,A5,8092272,Cincinnati,OH,45209,Columbia,SC,29202,LTL,2888,200,4,2007/3/5,2007/3/12
2005822,Outbound,A5,8092282,Macon,GA,31212,Perry,GA,31069,LTL,1100,200,2,2007/3/19,2007/3/28
2005825,Outbound,A2,8092285,Macon,GA,31212,Lima,OH,45802,LTL,259,70,1,2007/2/20,2007/3/7
2005839,Outbound,A1,8092299,Macon,GA,31212,Goldsboro,NC,27530,LTL,1241,55,2,2007/2/27,2007/3/13
2005868,Outbound,A5,8092328,Cincinnati,OH,45209,Charlotte,NC,28201,LTL,2975,200,4,2007/2/13,2007/3/1
2005869,Outbound,A5,8092329,Cincinnati,OH,45209,High Point,NC,27264,LTL,324,200,1,2007/2/26,2007/3/8
2005875,Outbound,A3,8092335,Macon,GA,31212,Perry,GA,31069,LTL,383,92.5,1,2007/3/7,2007/3/21
2005877,Outbound,A3,8092337,Macon,GA,31212,Pittsburgh,PA,15233,LTL,541,92.5,1,2007/2/16,2007/3/7
2005879,Outbound,A4,8092339,Cincinnati,OH,45209,Lexington,KY,40507,LTL,1283,125,2,2007/3/2,2007/3/22
2005883,Outbound,A4,8092343,Cincinnati,OH,45209,Staunton,VA,24401,LTL,220,125,1,2007/3/16,2007/3/30
2005890,Outbound,A4,8092350,Macon,GA,31212,Hagerstown,MD,21740,LTL,464,125,1,2007/3/22,2007/3/29
2005908,Outbound,A2,8092368,Macon,GA,31212,Goldsboro,NC,27530,LTL,2610,70,4,2007/3/8,2007/3/21
2005924,Outbound,A3,8092384,Macon,GA,31212,Cleveland,TN,37311,LTL,1226,92.5,2,2007/3/6,2007/3/14
2005928,Outbound,A3,8092388,Macon,GA,31212,Goldsboro,NC,27530,LTL,3051,92.5,4,2007/3/6,2007/3/13
2005962,Outbound,A2,8092422,Cincinnati,OH,45209,Lima,OH,45802,LTL,833,70,2,2007/3/12,2007/3/19
2005978,Outbound,A3,8092438,Macon,GA,31212,Jackson,GA,30233,LTL,2895,92.5,4,2007/2/23,2007/3/5
2005996,Outbound,A4,8092456,Macon,GA,31212,Albany,GA,31706,LTL,2984,125,4,2007/2/22,2007/3/8
2006008,Outbound,A5,8092468,Cincinnati,OH,45209,Asheville,NC,28801,LTL,557,200,1,2007/3/5,2007/3/19
2006019,Outbound,A4,8092479,Cincinnati,OH,45209,LaGrange,GA,30240,LTL,2949,125,4,2007/3/13,2007/3/16
2006060,Outbound,A3,8092520,Cincinnati,OH,45209,Erie,PA,16501,LTL,2971,92.5,4,2007/3/16,2007/3/30
2006065,Outbound,A5,8092525,Cincinnati,OH,45209,Wilmington,NC,28404,LTL,307,200,1,2007/2/22,2007/3/1
2006090,Outbound,A5,8092550,Macon,GA,31212,Erie,PA,16501,LTL,149,200,1,2007/2/22,2007/3/5
2006097,Outbound,A1,8092557,Cincinnati,OH,45209,Toledo,OH,43601,LTL,2847,55,4,2007/3/20,2007/3/27
2006121,Outbound,A3,8092581,Macon,GA,31212,Alpharetta,GA,30022,LTL,462,92.5,1,2007/3/22,2007/3/30
2006122,Outbound,A5,8092582,Macon,GA,31212,Staunton,VA,24401,LTL,412,200,1,2007/3/14,2007/3/27
2006167,Outbound,A3,8092627,Macon,GA,31212,High Point,NC,27264,LTL,867,92.5,2,2007/2/23,2007/3/12
2006196,Outbound,A3,8092656,Macon,GA,31212,Albany,GA,31706,LTL,219,92.5,1,2007/3/8,2007/3/21
2006203,Outbound,A4,8092663,Cincinnati,OH,45209,Perry,GA,31069,LTL,2613,125,4,2007/2/16,2007/3/5
2006207,Outbound,A3,8092667,Cincinnati,OH,45209,Erie,PA,16501,LTL,156,92.5,1,2007/3/12,2007/3/22
2006212,Outbound,A5,8092672,Cincinnati,OH,45209,Charlotte,NC,28201,LTL,534,200,1,2007/3/5,2007/3/19
2006225,Outbound,A5,8092685,Macon,GA,31212,Conway,SC,29526,LTL,926,200,2,2007/3/8,2007/3/23
2006241,Outbound,A2,8092701,Cincinnati,OH,45209,Hagerstown,MD,21740,LTL,210,70,1,2007/3/12,2007/3/27
2006255,Outbound,A1,8092715,Cincinnati,OH,45209,Myrtle Beach,SC,29572,LTL,981,55,2,2007/2/16,2007/3/6
2006261,Outbound,A4,8092721,Macon,GA,31212,Jackson,GA,30233,LTL,824,125,2,2007/3/14,2007/3/23
2006287,Outbound,A3,8092747,Macon,GA,31212,Dayton,OH,45401,LTL,483,92.5,1,2007/3/19,2007/3/28
2006298,Outbound,A4,8092758,Cincinnati,OH,45209,Augusta,GA,30903,LTL,520,125,1,2007/3/7,2007/3/22
2006325,Outbound,A2,8092785,Cincinnati,OH,45209,Goldsboro,NC,27530,LTL,1132,70,2,2007/3/13,2007/3/22
2006328,Outbound,A5,8092788,Cincinnati,OH,45209,Richmond,VA,23219,LTL,530,200,1,2006/11/30,2007/3/19
2006334,Outbound,A3,8092794,Macon,GA,31212,Huntsville,AL,35801,LTL,487,92.5,1,2007/2/22,2007/3/7
2006344,Outbound,A2,8092804,Macon,GA,31212,Marietta,GA,30007,LTL,1265,70,2,2007/2/23,2007/3/13
2006346,Outbound,A1,8092806,Macon,GA,31212,Dothan,AL,36301,LTL,266,55,1,2007/3/12,2007/3/16
2006353,Outbound,A3,8092813,Macon,GA,31212,Fort Wayne,IN,46802,LTL,963,92.5,2,2007/2/26,2007/3/12
2006360,Outbound,A5,8092820,Macon,GA,31212,Staunton,VA,24401,LTL,188,200,1,2007/3/6,2007/3/20
2006361,Outbound,A2,8092821,Cincinnati,OH,45209,Chattanooga,TN,37401,LTL,2803,70,4,2007/2/27,2007/3/13
2006383,Outbound,A5,8092843,Cincinnati,OH,45209,Knoxville,TN,37950,LTL,1061,200,2,2007/3/13,2007/3/30
2006386,Outbound,A5,8092846,Macon,GA,31212,Rome,GA,30165,LTL,1268,200,2,2007/3/8,2007/3/19
2006396,Outbound,A2,8092856,Macon,GA,31212,Alpharetta,GA,30022,LTL,985,70,2,2007/2/26,2007/3/9
2006400,Outbound,A2,8092860,Cincinnati,OH,45209,Cleveland,TN,37311,LTL,492,70,1,2007/2/16,2007/3/6
2006407,Outbound,A4,8092867,Macon,GA,31212,Conway,SC,29526,LTL,464,125,1,2007/2/23,2007/3/1
2006420,Outbound,A4,8092880,Macon,GA,31212,Perry,GA,31069,LTL,944,125,2,2007/3/19,2007/3/28
2006427,Outbound,A5,8092887,Macon,GA,31212,Pittsburgh,PA,15233,LTL,2645,200,4,2007/2/15,2007/3/7
2006443,Outbound,A5,8092903,Macon,GA,31212,Toledo,OH,43601,LTL,2898,200,4,2007/3/7,2007/3/21
2006478,Outbound,A2,8092938,Macon,GA,31212,Asheville,NC,28801,LTL,1274,70,2,2007/3/14,2007/3/22
2006495,Outbound,A4,8092955,Cincinnati,OH,45209,Chattanooga,TN,37401,LTL,344,125,1,2007/3/14,2007/3/26
2006496,Outbound,A1,8092956,Macon,GA,31212,Johnson City,TN,37601,LTL,2670,55,4,2007/3/9,2007/3/22
2006497,Outbound,A5,8092957,Macon,GA,31212,Rome,GA,30165,LTL,1057,200,2,2007/3/15,2007/3/30
2006516,Outbound,A2,8092976,Cincinnati,OH,45209,Savannah,GA,31402,LTL,522,70,1,2007/3/1,2007/3/13
2006519,Outbound,A5,8092979,Cincinnati,OH,45209,Staunton,VA,24401,LTL,1065,200,2,2007/2/26,2007/3/9
2006540,Outbound,A3,8093000,Macon,GA,31212,Myrtle Beach,SC,29572,LTL,2924,92.5,4,2007/3/19,2007/3/28
2006552,Outbound,A3,8093012,Cincinnati,OH,45209,Roanoke,VA,24022,LTL,2884,92.5,4,2007/3/20,2007/3/30
2006556,Outbound,A4,8093016,Macon,GA,31212,Marietta,GA,30007,LTL,391,125,1,2007/2/26,2007/3/14
2006558,Outbound,A1,8093018,Macon,GA,31212,Savannah,GA,31402,LTL,133,55,1,2007/3/13,2007/3/26
2006560,Outbound,A4,8093020,Cincinnati,OH,45209,Richmond,VA,23219,LTL,2655,125,4,2007/2/28,2007/3/16
2006567,Outbound,A5,8093027,Cincinnati,OH,45209,High Point,NC,27264,LTL,449,200,1,2007/3/13,2007/3/23
2006596,Outbound,A2,8093056,Macon,GA,31212,Perry,GA,31069,LTL,1071,70,2,2007/2/19,2007/3/6
2006612,Outbound,A4,8093072,Cincinnati,OH,45209,Warner Robins,GA,31095,LTL,2879,125,4,2007/3/1,2007/3/15
2006616,Outbound,A2,8093076,Cincinnati,OH,45209,Bowling Green,KY,42101,LTL,528,70,1,2007/3/8,2007/3/16
2006631,Outbound,A5,8093091,Cincinnati,OH,45209,High Point,NC,27264,LTL,364,200,1,2007/3/9,2007/3/20
2006632,Outbound,A2,8093092,Cincinnati,OH,45209,Wilmington,NC,28404,LTL,2758,70,4,2007/3/1,2007/3/13
2006634,Outbound,A4,8093094,Macon,GA,31212,Dothan,AL,36301,LTL,440,125,1,2007/2/28,2007/3/13
2006645,Outbound,A3,8093105,Cincinnati,OH,45209,Indianapolis,IN,46206,LTL,992,92.5,2,2007/3/16,2007/3/28
2006658,Outbound,A4,8093118,Macon,GA,31212,Hagerstown,MD,21740,LTL,426,125,1,2007/2/19,2007/3/12
2006659,Outbound,A5,8093119,Macon,GA,31212,Savannah,GA,31402,LTL,455,200,1,2007/2/7,2007/3/8
2006661,Outbound,A5,8093121,Cincinnati,OH,45209,Knoxville,TN,37950,LTL,846,200,2,2007/3/7,2007/3/15
2006687,Outbound,A5,8093147,Macon,GA,31212,Knoxville,TN,37950,LTL,2710,200,4,2007/2/14,2007/3/1
2006696,Outbound,A3,8093156,Macon,GA,31212,Columbus,OH,43216,LTL,852,92.5,2,2007/2/26,2007/3/9
2006708,Outbound,A2,8093168,Macon,GA,31212,Albany,GA,31706,LTL,529,70,1,2007/3/16,2007/3/26
2006711,Outbound,A4,8093171,Cincinnati,OH,45209,Huntsville,AL,35801,LTL,1275,125,2,2007/2/28,2007/3/15
2006713,Outbound,A5,8093173,Macon,GA,31212,Knoxville,TN,37950,LTL,884,200,2,2007/3/14,2007/3/30
2006715,Outbound,A2,8093175,Cincinnati,OH,45209,Rome,GA,30165,LTL,2816,70,4,2007/3/12,2007/3/23
2006737,Outbound,A3,8093197,Macon,GA,31212,Mount Pleasant,SC,29464,LTL,1109,92.5,2,2007/2/28,2007/3/13
2006757,Outbound,A5,8093217,Cincinnati,OH,45209,Cleveland,TN,37311,LTL,1112,200,2,2007/3/5,2007/3/16
2006760,Outbound,A4,8093220,Macon,GA,31212,Erie,PA,16501,LTL,911,125,2,2007/2/22,2007/3/1
2006767,Outbound,A2,8093227,Macon,GA,31212,High Point,NC,27264,LTL,2627,70,4,2007/3/9,2007/3/21
2006775,Outbound,A1,8093235,Cincinnati,OH,45209,Goldsboro,NC,27530,LTL,2865,55,4,2007/3/2,2007/3/8
2006782,Outbound,A5,8093242,Cincinnati,OH,45209,Winston Salem,NC,27102,LTL,408,200,1,2007/3/7,2007/3/16
2006807,Outbound,A5,8093267,Macon,GA,31212,Jackson,GA,30233,LTL,2646,200,4,2007/3/8,2007/3/20
2006830,Outbound,A5,8093290,Macon,GA,31212,Akron,OH,44309,LTL,1186,200,2,2007/2/19,2007/3/6
2006836,Outbound,A2,8093296,Macon,GA,31212,Indianapolis,IN,46206,LTL,3003,70,4,2007/2/20,2007/3/2
2006864,Outbound,A2,8093324,Macon,GA,31212,Toledo,OH,43601,LTL,2936,70,4,2007/3/2,2007/3/15
2006869,Outbound,A3,8093329,Macon,GA,31212,Birmingham,AL,35203,LTL,878,92.5,2,2007/3/13,2007/3/29
2006876,Outbound,A1,8093336,Macon,GA,31212,Columbia,SC,29202,LTL,3036,55,4,2007/3/6,2007/3/19
2006879,Outbound,A4,8093339,Macon,GA,31212,Spartanburg,SC,29304,LTL,918,125,2,2007/2/22,2007/3/2
2006907,Outbound,A3,8093367,Cincinnati,OH,45209,Wilmington,NC,28404,LTL,2670,92.5,4,2007/3/1,2007/3/14
2006908,Outbound,A3,8093368,Macon,GA,31212,Augusta,GA,30903,LTL,1073,92.5,2,2007/3/9,2007/3/22
2006918,Outbound,A1,8093378,Macon,GA,31212,Goldsboro,NC,27530,LTL,594,55,1,2007/2/21,2007/3/5
2006932,Outbound,A2,8093392,Macon,GA,31212,Conway,SC,29526,LTL,1266,70,2,2007/3/8,2007/3/28
2006947,Outbound,A4,8093407,Macon,GA,31212,Hagerstown,MD,21740,LTL,1031,125,2,2007/2/27,2007/3/2
2006966,Outbound,A3,8093426,Macon,GA,31212,Bluefield,VA,24605,LTL,48,92.5,1,2007/2/28,2007/3/14
2006991,Outbound,A2,8093451,Cincinnati,OH,45209,Jackson,GA,30233,LTL,969,70,2,2007/3/5,2007/3/12
2006999,Outbound,A3,8093459,Macon,GA,31212,Toledo,OH,43601,LTL,2887,92.5,4,2007/2/21,2007/3/1
2007001,Outbound,A5,8093461,Cincinnati,OH,45209,Fort Wayne,IN,46802,LTL,1039,200,2,2007/2/20,2007/3/1
2007003,Outbound,A2,8093463,Macon,GA,31212,Knoxville,TN,37950,LTL,417,70,1,2007/2/22,2007/3/21
2007005,Outbound,A5,8093465,Macon,GA,31212,Warner Robins,GA,31095,LTL,1155,200,2,2007/3/14,2007/3/30
2007024,Outbound,A3,8093484,Macon,GA,31212,Savannah,GA,31402,LTL,2727,92.5,4,2007/3/5,2007/3/14
2007029,Outbound,A3,8093489,Cincinnati,OH,45209,Staunton,VA,24401,LTL,2883,92.5,4,2007/2/23,2007/3/8
2007031,Outbound,A5,8093491,Cincinnati,OH,45209,Greenville,SC,29612,LTL,1085,200,2,2007/3/2,2007/3/16
2007040,Outbound,A1,8093500,Macon,GA,31212,Dayton,OH,45401,LTL,2901,55,4,2007/3/12,2007/3/20
2007069,Outbound,A2,8093529,Cincinnati,OH,45209,Charlotte,NC,28201,LTL,2827,70,4,2007/3/2,2007/3/16
2007083,Outbound,A3,8093543,Cincinnati,OH,45209,Bluefield,VA,24605,LTL,2656,92.5,4,2007/3/8,2007/3/23
2007089,Outbound,A2,8093549,Macon,GA,31212,Marietta,GA,30007,LTL,2750,70,4,2007/3/2,2007/3/12
2007093,Outbound,A4,8093553,Cincinnati,OH,45209,Conway,SC,29526,LTL,1119,125,2,2007/3/15,2007/3/30
2007097,Outbound,A2,8093557,Macon,GA,31212,Columbia,SC,29202,LTL,885,70,2,2007/3/20,2007/3/29
2007104,Outbound,A3,8093564,Cincinnati,OH,45209,Augusta,GA,30903,LTL,1053,92.5,2,2007/2/27,2007/3/14
2007123,Outbound,A1,8093583,Cincinnati,OH,45209,Toledo,OH,43601,LTL,153,55,1,2007/2/16,2007/3/6
2007124,Outbound,A1,8093584,Macon,GA,31212,Fort Wayne,IN,46802,LTL,2827,55,4,2007/3/14,2007/3/30
2007134,Outbound,A2,8093594,Macon,GA,31212,Akron,OH,44309,LTL,441,70,1,2007/3/20,2007/3/30
2007174,Outbound,A3,8093634,Cincinnati,OH,45209,Staunton,VA,24401,LTL,869,92.5,2,2007/2/22,2007/3/7
2007176,Outbound,A2,8093636,Cincinnati,OH,45209,Chattanooga,TN,37401,LTL,1027,70,2,2007/2/16,2007/3/2
2007194,Outbound,A3,8093654,Cincinnati,OH,45209,Conway,SC,29526,LTL,1146,92.5,2,2007/3/1,2007/3/19
2007196,Outbound,A4,8093656,Cincinnati,OH,45209,Pittsburgh,PA,15233,LTL,1169,125,2,2007/2/21,2007/3/6
2007202,Outbound,A3,8093662,Macon,GA,31212,Knoxville,TN,37950,LTL,1091,92.5,2,2007/3/16,2007/3/29
2007203,Outbound,A1,8093663,Macon,GA,31212,Jackson,GA,30233,LTL,598,55,1,2007/2/13,2007/3/2
2007205,Outbound,A2,8093665,Cincinnati,OH,45209,Marietta,GA,30007,LTL,1097,70,2,2007/3/1,2007/3/13
2007208,Outbound,A4,8093668,Macon,GA,31212,Asheville,NC,28801,LTL,2618,125,4,2007/3/13,2007/3/27
2007228,Outbound,A3,8093688,Cincinnati,OH,45209,Johnson City,TN,37601,LTL,440,92.5,1,2007/2/22,2007/3/6
2007231,Outbound,A1,8093691,Macon,GA,31212,LaGrange,GA,30240,LTL,486,55,1,2007/2/27,2007/3/9
2007259,Outbound,A1,8093719,Cincinnati,OH,45209,Cleveland,TN,37311,LTL,3036,55,4,2007/3/14,2007/3/29
2007270,Outbound,A5,8093730,Cincinnati,OH,45209,Rome,GA,30165,LTL,959,200,2,2007/2/19,2007/3/6
2007271,Outbound,A1,8093731,Cincinnati,OH,45209,Jackson,GA,30233,LTL,1146,55,2,2007/3/6,2007/3/19
2007274,Outbound,A1,8093734,Cincinnati,OH,45209,Greenville,SC,29612,LTL,2866,55,4,2007/3/8,2007/3/15
2007283,Outbound,A1,8093743,Macon,GA,31212,Akron,OH,44309,LTL,800,55,2,2007/3/20,2007/3/30
2007289,Outbound,A5,8093749,Cincinnati,OH,45209,Asheville,NC,28801,LTL,2651,200,4,2007/2/28,2007/3/14
2007301,Outbound,A5,8093761,Macon,GA,31212,Cleveland,TN,37311,LTL,3078,200,5,2007/3/8,2007/3/23
2007340,Outbound,A1,8093800,Macon,GA,31212,Greenville,SC,29612,LTL,535,55,1,2007/2/20,2007/3/1
2007350,Outbound,A2,8093810,Macon,GA,31212,Johnson City,TN,37601,LTL,165,70,1,2007/3/21,2007/3/30
2007357,Outbound,A1,8093817,Macon,GA,31212,Charlotte,NC,28201,LTL,3023,55,4,2007/3/19,2007/3/30
2007364,Outbound,A1,8093824,Cincinnati,OH,45209,Knoxville,TN,37950,LTL,605,55,1,2007/2/23,2007/3/5
2007381,Outbound,A1,8093841,Macon,GA,31212,Dayton,OH,45401,LTL,2903,55,4,2007/3/7,2007/3/19
2007388,Outbound,A3,8093848,Cincinnati,OH,45209,Dothan,AL,36301,LTL,2857,92.5,4,2007/2/21,2007/3/5
2007389,Outbound,A3,8093849,Macon,GA,31212,Dayton,OH,45401,LTL,2894,92.5,4,2007/2/28,2007/3/8
2007397,Outbound,A1,8093857,Macon,GA,31212,Dothan,AL,36301,LTL,2626,55,4,2007/3/2,2007/3/22
2007415,Outbound,A5,8093875,Cincinnati,OH,45209,Lexington,KY,40507,LTL,367,200,1,2007/2/21,2007/3/13
2007439,Outbound,A1,8093899,Cincinnati,OH,45209,Johnson City,TN,37601,LTL,540,55,1,2007/2/28,2007/3/13
2007441,Outbound,A2,8093901,Cincinnati,OH,45209,Roanoke,VA,24022,LTL,1178,70,2,2007/3/12,2007/3/20
2007450,Outbound,A2,8093910,Macon,GA,31212,Savannah,GA,31402,LTL,287,70,1,2007/2/20,2007/3/2
2007457,Outbound,A5,8093917,Macon,GA,31212,Akron,OH,44309,LTL,2779,200,4,2007/2/19,2007/3/6
2007461,Outbound,A3,8093921,Macon,GA,31212,Lexington,KY,40507,LTL,438,92.5,1,2007/3/1,2007/3/16
2007472,Outbound,A3,8093932,Macon,GA,31212,Dothan,AL,36301,LTL,449,92.5,1,2007/3/15,2007/3/23
2007485,Outbound,A2,8093945,Macon,GA,31212,High Point,NC,27264,LTL,538,70,1,2007/2/19,2007/3/8
2007512,Outbound,A3,8093972,Cincinnati,OH,45209,Albany,GA,31706,LTL,1082,92.5,2,2007/3/7,2007/3/21
2007520,Outbound,A4,8093980,Cincinnati,OH,45209,Roanoke,VA,24022,LTL,1230,125,2,2007/2/16,2007/3/5
2007540,Outbound,A5,8094000,Cincinnati,OH,45209,Wilmington,NC,28404,LTL,470,200,1,2007/2/27,2007/3/15
2007545,Outbound,A5,8094005,Cincinnati,OH,45209,Mount Pleasant,SC,29464,LTL,2918,200,4,2007/3/16,2007/3/26
2007554,Outbound,A1,8094014,Macon,GA,31212,Staunton,VA,24401,LTL,1286,55,2,2007/2/27,2007/3/6
2007579,Outbound,A5,8094039,Macon,GA,31212,Pittsburgh,PA,15233,LTL,1005,200,2,2007/3/6,2007/3/16
2007582,Outbound,A3,8094042,Macon,GA,31212,Bluefield,VA,24605,LTL,2717,92.5,4,2007/3/5,2007/3/16
2007601,Outbound,A2,8094061,Cincinnati,OH,45209,Roanoke,VA,24022,LTL,2991,70,4,2007/3/9,2007/3/19
2007613,Outbound,A1,8094073,Macon,GA,31212,Winston Salem,NC,27102,LTL,2784,55,4,2007/3/8,2007/3/27
2007638,Outbound,A3,8094098,Macon,GA,31212,LaGrange,GA,30240,LTL,2728,92.5,4,2007/3/6,2007/3/27
2007647,Outbound,A4,8094107,Macon,GA,31212,Lima,OH,45802,LTL,3052,125,4,2007/3/1,2007/3/12
2007663,Outbound,A3,8094123,Cincinnati,OH,45209,Dothan,AL,36301,LTL,155,92.5,1,2007/3/20,2007/3/28
2007667,Outbound,A4,8094127,Cincinnati,OH,45209,Greenville,SC,29612,LTL,2632,125,4,2007/2/19,2007/3/13
2007680,Outbound,A2,8094140,Macon,GA,31212,Marietta,GA,30007,LTL,463,70,1,2007/3/5,2007/3/19
2007696,Outbound,A1,8094156,Macon,GA,31212,Cleveland,TN,37311,LTL,405,55,1,2007/3/2,2007/3/12
2007697,Outbound,A4,8094157,Macon,GA,31212,Knoxville,TN,37950,LTL,382,125,1,2007/3/15,2007/3/28
2007716,Outbound,A2,8094176,Macon,GA,31212,Toledo,OH,43601,LTL,86,70,1,2007/2/28,2007/3/9
2007725,Outbound,A5,8094185,Macon,GA,31212,Columbus,OH,43216,LTL,3096,200,5,2007/3/8,2007/3/19
2007732,Outbound,A3,8094192,Macon,GA,31212,Kingsport,TN,37662,LTL,2712,92.5,4,2007/3/20,2007/3/29
2007736,Outbound,A3,8094196,Macon,GA,31212,Goldsboro,NC,27530,LTL,601,92.5,1,2007/2/26,2007/3/6
2007753,Outbound,A1,8094213,Macon,GA,31212,Alpharetta,GA,30022,LTL,428,55,1,2007/2/21,2007/3/7
2007773,Outbound,A3,8094233,Macon,GA,31212,Augusta,GA,30903,LTL,2926,92.5,4,2007/3/16,2007/3/28
2007797,Outbound,A5,8094257,Macon,GA,31212,Pittsburgh,PA,15233,LTL,468,200,1,2007/3/16,2007/3/26
2007799,Outbound,A1,8094259,Macon,GA,31212,Erie,PA,16501,LTL,1023,55,2,2007/3/8,2007/3/22
2007802,Outbound,A2,8094262,Cincinnati,OH,45209,Columbia,SC,29202,LTL,2695,70,4,2007/3/21,2007/3/30
2007809,Outbound,A5,8094269,Macon,GA,31212,Augusta,GA,30903,LTL,864,200,2,2007/3/16,2007/3/27
2007817,Outbound,A5,8094277,Cincinnati,OH,45209,Warner Robins,GA,31095,LTL,880,200,2,2007/3/6,2007/3/19
2007836,Outbound,A2,8094296,Macon,GA,31212,Bluefield,VA,24605,LTL,272,70,1,2007/2/22,2007/3/6
2007841,Outbound,A3,8094301,Cincinnati,OH,45209,Pittsburgh,PA,15233,LTL,338,92.5,1,2007/2/20,2007/3/15
2007857,Outbound,A3,8094317,Macon,GA,31212,Asheville,NC,28801,LTL,329,92.5,1,2007/2/26,2007/3/15
2007865,Outbound,A5,8094325,Macon,GA,31212,Indianapolis,IN,46206,LTL,2963,200,4,2007/3/6,2007/3/21
2007873,Outbound,A5,8094333,Macon,GA,31212,Richmond,VA,23219,LTL,448,200,1,2007/2/15,2007/3/13
2007879,Outbound,A3,8094339,Macon,GA,31212,Roanoke,VA,24022,LTL,479,92.5,1,2007/2/26,2007/3/12
2007894,Outbound,A3,8094354,Cincinnati,OH,45209,Kingsport,TN,37662,LTL,2613,92.5,4,2007/3/6,2007/3/21
2007902,Outbound,A1,8094362,Cincinnati,OH,45209,Columbia,SC,29202,LTL,586,55,1,2007/3/1,2007/3/15
2007904,Outbound,A5,8094364,Cincinnati,OH,45209,Columbus,OH,43216,LTL,3008,200,4,2007/3/15,2007/3/21
2007933,Outbound,A3,8094393,Macon,GA,31212,Knoxville,TN,37950,LTL,3015,92.5,4,2007/3/1,2007/3/21
2007937,Outbound,A4,8094397,Cincinnati,OH,45209,Asheville,NC,28801,LTL,1137,125,2,2007/3/7,2007/3/16
2007950,Outbound,A1,8094410,Cincinnati,OH,45209,Huntsville,AL,35801,LTL,2754,55,4,2007/2/23,2007/3/7
2007954,Outbound,A5,8094414,Macon,GA,31212,LaGrange,GA,30240,LTL,133,200,1,2007/3/6,2007/3/20
2007963,Outbound,A2,8094423,Cincinnati,OH,45209,Indianapolis,IN,46206,LTL,2936,70,4,2007/2/21,2007/3/9
2008000,Outbound,A2,8094460,Cincinnati,OH,45209,Jackson,GA,30233,LTL,2822,70,4,2007/3/5,2007/3/9
2008017,Outbound,A3,8094477,Cincinnati,OH,45209,Indianapolis,IN,46206,LTL,1274,92.5,2,2007/3/8,2007/3/19
2008020,Outbound,A1,8094480,Macon,GA,31212,Roanoke,VA,24022,LTL,491,55,1,2007/3/2,2007/3/19
2008030,Outbound,A3,8094490,Cincinnati,OH,45209,Warner Robins,GA,31095,LTL,3017,92.5,4,2007/3/5,2007/3/15
2008031,Outbound,A1,8094491,Macon,GA,31212,Huntsville,AL,35801,LTL,2730,55,4,2007/3/2,2007/3/19
2008073,Outbound,A1,8094533,Cincinnati,OH,45209,Jackson,GA,30233,LTL,1172,55,2,2007/3/9,2007/3/19
2008074,Outbound,A1,8094534,Macon,GA,31212,Warner Robins,GA,31095,LTL,308,55,1,2007/3/5,2007/3/14
2008087,Outbound,A2,8094547,Cincinnati,OH,45209,Winston Salem,NC,27102,LTL,548,70,1,2007/3/1,2007/3/9
2008089,Outbound,A3,8094549,Macon,GA,31212,Marietta,GA,30007,LTL,804,92.5,2,2007/2/21,2007/3/9
2008095,Outbound,A3,8094555,Macon,GA,31212,Dothan,AL,36301,LTL,214,92.5,1,2007/3/9,2007/3/21
2008099,Outbound,A5,8094559,Cincinnati,OH,45209,Macon,GA,31201,LTL,176,200,1,2007/2/26,2007/3/12
2008119,Outbound,A5,8094579,Cincinnati,OH,45209,Rome,GA,30165,LTL,820,200,2,2007/3/7,2007/3/21
2008142,Outbound,A1,8094602,Cincinnati,OH,45209,Bluefield,VA,24605,LTL,445,55,1,2007/2/23,2007/3/14
2008147,Outbound,A1,8094607,Macon,GA,31212,Chattanooga,TN,37401,LTL,373,55,1,2007/3/22,2007/3/29
2008159,Outbound,A4,8094619,Macon,GA,31212,Roanoke,VA,24022,LTL,1028,125,2,2007/3/20,2007/3/27
2008167,Outbound,A2,8094627,Macon,GA,31212,Toledo,OH,43601,LTL,2638,70,4,2007/3/7,2007/3/14
2008169,Outbound,A1,8094629,Macon,GA,31212,Staunton,VA,24401,LTL,369,55,1,2007/2/28,2007/3/8
2008173,Outbound,A1,8094633,Macon,GA,31212,Chattanooga,TN,37401,LTL,1250,55,2,2007/2/21,2007/3/8
2008175,Outbound,A2,8094635,Macon,GA,31212,Jackson,GA,30233,LTL,2818,70,4,2007/3/16,2007/3/27
2008176,Outbound,A3,8094636,Macon,GA,31212,Cleveland,OH,44101,LTL,2883,92.5,4,2007/3/12,2007/3/21
2008187,Outbound,A1,8094647,Cincinnati,OH,45209,Richmond,VA,23219,LTL,3043,55,4,2007/3/1,2007/3/20
2008194,Outbound,A2,8094654,Macon,GA,31212,Bluefield,VA,24605,LTL,458,70,1,2007/2/16,2007/3/1
2008197,Outbound,A2,8094657,Cincinnati,OH,45209,Asheville,NC,28801,LTL,996,70,2,2007/3/16,2007/3/27
2008201,Outbound,A1,8094661,Macon,GA,31212,High Point,NC,27264,LTL,556,55,1,2007/2/22,2007/3/8
2008210,Outbound,A2,8094670,Cincinnati,OH,45209,Cleveland,OH,44101,LTL,890,70,2,2007/2/15,2007/3/1
2008211,Outbound,A4,8094671,Macon,GA,31212,Hagerstown,MD,21740,LTL,813,125,2,2007/2/19,2007/3/26
2008220,Outbound,A1,8094680,Cincinnati,OH,45209,Perry,GA,31069,LTL,2744,55,4,2007/3/8,2007/3/20
2008226,Outbound,A1,8094686,Macon,GA,31212,Fort Wayne,IN,46802,LTL,277,55,1,2007/2/16,2007/3/2
2008252,Outbound,A3,8094712,Macon,GA,31212,Bowling Green,KY,42101,LTL,382,92.5,1,2007/2/20,2007/3/2
2008266,Outbound,A1,8094726,Cincinnati,OH,45209,Birmingham,AL,35203,LTL,204,55,1,2007/3/12,2007/3/20
2008278,Outbound,A2,8094738,Cincinnati,OH,45209,Hagerstown,MD,21740,LTL,2855,70,4,2007/3/21,2007/3/29
2008302,Outbound,A4,8094762,Cincinnati,OH,45209,Peachtree City,GA,30269,LTL,1072,125,2,2007/3/1,2007/3/14
2008316,Outbound,A1,8094776,Cincinnati,OH,45209,Rome,GA,30165,LTL,3051,55,4,2007/2/15,2007/3/6
2008319,Outbound,A2,8094779,Macon,GA,31212,Peachtree City,GA,30269,LTL,1183,70,2,2007/2/22,2007/3/5
2008326,Outbound,A5,8094786,Cincinnati,OH,45209,Wilmington,NC,28404,LTL,603,200,1,2007/2/26,2007/3/12
2008327,Outbound,A4,8094787,Macon,GA,31212,Alpharetta,GA,30022,LTL,415,125,1,2007/2/26,2007/3/9
2008331,Outbound,A1,8094791,Cincinnati,OH,45209,Augusta,GA,30903,LTL,2922,55,4,2007/3/7,2007/3/20
2008341,Outbound,A5,8094801,Cincinnati,OH,45209,Rome,GA,30165,LTL,2644,200,4,2007/3/5,2007/3/15
2008347,Outbound,A1,8094807,Macon,GA,31212,Wilmington,NC,28404,LTL,1107,55,2,2007/3/5,2007/3/21
2008349,Outbound,A1,8094809,Macon,GA,31212,Alpharetta,GA,30022,LTL,280,55,1,2007/2/16,2007/3/7
2008351,Outbound,A4,8094811,Macon,GA,31212,Dothan,AL,36301,LTL,828,125,2,2007/2/13,2007/3/23
2008353,Outbound,A2,8094813,Macon,GA,31212,Winston Salem,NC,27102,LTL,474,70,1,2007/2/19,2007/3/2
2008354,Outbound,A5,8094814,Cincinnati,OH,45209,Roanoke,VA,24022,LTL,2940,200,4,2007/3/13,2007/3/22
2008368,Outbound,A3,8094828,Macon,GA,31212,Jackson,GA,30233,LTL,186,92.5,1,2007/3/6,2007/3/16
2008385,Outbound,A3,8094845,Cincinnati,OH,45209,Goldsboro,NC,27530,LTL,1237,92.5,2,2007/3/16,2007/3/30
2008402,Outbound,A2,8094862,Cincinnati,OH,45209,Bowling Green,KY,42101,LTL,464,70,1,2007/2/20,2007/3/2
2008407,Outbound,A3,8094867,Macon,GA,31212,Cleveland,TN,37311,LTL,454,92.5,1,2007/3/15,2007/3/28
2008424,Outbound,A3,8094884,Cincinnati,OH,45209,Winston Salem,NC,27102,LTL,163,92.5,1,2007/2/26,2007/3/9
2008428,Outbound,A5,8094888,Macon,GA,31212,Greenville,SC,29612,LTL,892,200,2,2007/3/7,2007/3/21
2008464,Outbound,A1,8094924,Macon,GA,31212,Hagerstown,MD,21740,LTL,1275,55,2,2007/2/19,2007/3/7
2008470,Outbound,A3,8094930,Macon,GA,31212,Charlotte,NC,28201,LTL,3076,92.5,4,2007/2/23,2007/3/7
2008487,Outbound,A4,8094947,Cincinnati,OH,45209,Jackson,GA,30233,LTL,914,125,2,2007/3/6,2007/3/20
2008499,Outbound,A5,8094959,Cincinnati,OH,45209,Lima,OH,45802,LTL,311,200,1,2007/3/9,2007/3/19
2008501,Outbound,A5,8094961,Macon,GA,31212,Jackson,GA,30233,LTL,530,200,1,2007/3/1,2007/3/9
2008509,Outbound,A2,8094969,Cincinnati,OH,45209,Asheville,NC,28801,LTL,1280,70,2,2007/3/22,2007/3/30
2008525,Outbound,A5,8094985,Macon,GA,31212,Roanoke,VA,24022,LTL,1087,200,2,2007/2/28,2007/3/15
2008535,Outbound,A4,8094995,Macon,GA,31212,High Point,NC,27264,LTL,242,125,1,2007/3/9,2007/3/19
2008548,Outbound,A2,8095008,Cincinnati,OH,45209,Marietta,GA,30007,LTL,479,70,1,2007/3/15,2007/3/27
2008560,Outbound,A1,8095020,Cincinnati,OH,45209,Cleveland,TN,37311,LTL,844,55,2,2007/3/15,2007/3/27
2008562,Outbound,A1,8095022,Macon,GA,31212,Springfield,OH,45501,LTL,529,55,1,2007/3/20,2007/3/30
2008576,Outbound,A4,8095036,Cincinnati,OH,45209,Fort Wayne,IN,46802,LTL,151,125,1,2007/2/15,2007/3/22
2008583,Outbound,A5,8095043,Macon,GA,31212,Dayton,OH,45401,LTL,391,200,1,2007/3/1,2007/3/12
2008591,Outbound,A5,8095051,Macon,GA,31212,Bluefield,VA,24605,LTL,1008,200,2,2007/3/5,2007/3/15
2008595,Outbound,A4,8095055,Macon,GA,31212,Fort Wayne,IN,46802,LTL,1032,125,2,2007/2/19,2007/3/2
2008596,Outbound,A5,8095056,Cincinnati,OH,45209,Fort Wayne,IN,46802,LTL,573,200,1,2007/3/12,2007/3/29
2008604,Outbound,A4,8095064,Macon,GA,31212,Rome,GA,30165,LTL,570,125,1,2007/2/23,2007/3/5
2008606,Outbound,A1,8095066,Cincinnati,OH,45209,Lexington,KY,40507,LTL,1250,55,2,2007/2/28,2007/3/9
2008608,Outbound,A3,8095068,Macon,GA,31212,Marietta,GA,30007,LTL,2867,92.5,4,2007/3/14,2007/3/21
2008624,Outbound,A4,8095084,Macon,GA,31212,Wilmington,NC,28404,LTL,144,125,1,2007/3/6,2007/3/15
2008629,Outbound,A3,8095089,Macon,GA,31212,High Point,NC,27264,LTL,322,92.5,1,2007/3/21,2007/3/27
2008641,Outbound,A2,8095101,Macon,GA,31212,Goldsboro,NC,27530,LTL,361,70,1,2007/3/15,2007/3/27
2008647,Outbound,A5,8095107,Macon,GA,31212,High Point,NC,27264,LTL,394,200,1,2007/2/28,2007/3/14
2008660,Outbound,A3,8095120,Macon,GA,31212,Pittsburgh,PA,15233,LTL,171,92.5,1,2007/3/5,2007/3/8
2008672,Outbound,A3,8095132,Macon,GA,31212,Mount Pleasant,SC,29464,LTL,2857,92.5,4,2007/3/8,2007/3/15
2008693,Outbound,A2,8095153,Macon,GA,31212,Albany,GA,31706,LTL,2732,70,4,2007/2/20,2007/3/6
2008711,Outbound,A3,8095171,Macon,GA,31212,Pittsburgh,PA,15233,LTL,2909,92.5,4,2007/2/16,2007/3/2
2008719,Outbound,A2,8095179,Cincinnati,OH,45209,Goldsboro,NC,27530,LTL,241,70,1,2007/2/19,2007/3/13
2008742,Outbound,A4,8095202,Cincinnati,OH,45209,Indianapolis,IN,46206,LTL,2796,125,4,2007/3/7,2007/3/21
2008773,Outbound,A5,8095233,Macon,GA,31212,Roanoke,VA,24022,LTL,537,200,1,2007/2/19,2007/3/9
2008796,Outbound,A3,8095256,Macon,GA,31212,Macon,GA,31201,LTL,2676,92.5,4,2007/3/19,2007/3/29
2008807,Outbound,A1,8095267,Cincinnati,OH,45209,Bowling Green,KY,42101,LTL,2937,55,4,2007/2/16,2007/3/5
2008817,Outbound,A4,8095277,Macon,GA,31212,Rome,GA,30165,LTL,500,125,1,2007/3/22,2007/3/27
2008818,Outbound,A1,8095278,Cincinnati,OH,45209,Augusta,GA,30903,LTL,2907,55,4,2007/3/23,2007/3/28
2008824,Outbound,A1,8095284,Cincinnati,OH,45209,Greenville,SC,29612,LTL,2971,55,4,2007/3/14,2007/3/26
2008833,Outbound,A4,8095293,Macon,GA,31212,Bluefield,VA,24605,LTL,1093,125,2,2007/2/28,2007/3/13
2008845,Outbound,A1,8095305,Cincinnati,OH,45209,Winston Salem,NC,27102,LTL,241,55,1,2007/3/5,2007/3/14
2008850,Outbound,A1,8095310,Macon,GA,31212,Cleveland,TN,37311,LTL,443,55,1,2007/3/5,2007/3/19
2008878,Outbound,A3,8095338,Cincinnati,OH,45209,Erie,PA,16501,LTL,72,92.5,1,2007/3/6,2007/3/23
2008887,Outbound,A3,8095347,Cincinnati,OH,45209,Columbus,OH,43216,LTL,157,92.5,1,2007/3/12,2007/3/20
2008917,Outbound,A3,8095377,Cincinnati,OH,45209,Hagerstown,MD,21740,LTL,221,92.5,1,2007/3/14,2007/3/23
2008940,Outbound,A4,8095400,Macon,GA,31212,Staunton,VA,24401,LTL,267,125,1,2007/2/26,2007/3/8
2008951,Outbound,A4,8095411,Macon,GA,31212,Wilmington,NC,28404,LTL,288,125,1,2007/3/6,2007/3/19
2008964,Outbound,A5,8095424,Macon,GA,31212,Marietta,GA,30007,LTL,306,200,1,2007/3/8,2007/3/27
2008977,Outbound,A2,8095437,Cincinnati,OH,45209,Knoxville,TN,37950,LTL,332,70,1,2007/3/7,2007/3/13
2008978,Outbound,A3,8095438,Cincinnati,OH,45209,Spartanburg,SC,29304,LTL,334,92.5,1,2007/3/13,2007/3/21
2008982,Outbound,A4,8095442,Macon,GA,31212,Wilmington,NC,28404,LTL,342,125,1,2007/2/19,2007/3/1
2008990,Outbound,A2,8095450,Cincinnati,OH,45209,Goldsboro,NC,27530,LTL,355,70,1,2007/3/14,2007/3/27
2008998,Outbound,A1,8095458,Cincinnati,OH,45209,Warner Robins,GA,31095,LTL,362,55,1,2007/3/1,2007/3/9
2009054,Outbound,A5,8095514,Cincinnati,OH,45209,Chattanooga,TN,37401,LTL,462,200,1,2007/3/15,2007/3/27
2009056,Outbound,A3,8095516,Cincinnati,OH,45209,Lexington,KY,40507,LTL,468,92.5,1,2007/3/12,2007/3/22
2009071,Outbound,A5,8095531,Macon,GA,31212,Chattanooga,TN,37401,LTL,491,200,1,2007/3/19,2007/3/28
2009083,Outbound,A3,8095543,Cincinnati,OH,45209,Lima,OH,45802,LTL,514,92.5,1,2007/2/26,2007/3/7
2009117,Outbound,A1,8095577,Cincinnati,OH,45209,Dayton,OH,45401,LTL,570,55,1,2007/3/13,2007/3/29
2009120,Outbound,A5,8095580,Macon,GA,31212,Goldsboro,NC,27530,LTL,571,200,1,2007/2/22,2007/3/5
2009140,Outbound,A5,8095600,Cincinnati,OH,45209,Indianapolis,IN,46206,LTL,597,200,1,2007/3/8,2007/3/22
2009164,Outbound,A3,8095624,Cincinnati,OH,45209,Spartanburg,SC,29304,LTL,826,92.5,2,2007/2/22,2007/3/13
2009166,Outbound,A1,8095626,Macon,GA,31212,Marietta,GA,30007,LTL,827,55,2,2007/2/28,2007/3/12
2009168,Outbound,A5,8095628,Cincinnati,OH,45209,Indianapolis,IN,46206,LTL,828,200,2,2007/3/6,2007/3/19
2009190,Outbound,A4,8095650,Macon,GA,31212,Akron,OH,44309,LTL,870,125,2,2007/3/6,2007/3/19
2009195,Outbound,A5,8095655,Macon,GA,31212,Bowling Green,KY,42101,LTL,879,200,2,2007/3/8,2007/3/13
2009238,Outbound,A5,8095698,Cincinnati,OH,45209,LaGrange,GA,30240,LTL,963,200,2,2007/2/27,2007/3/9
2009247,Outbound,A5,8095707,Cincinnati,OH,45209,Lexington,KY,40507,LTL,983,200,2,2007/2/22,2007/3/21
2009257,Outbound,A5,8095717,Cincinnati,OH,45209,Pittsburgh,PA,15233,LTL,997,200,2,2007/2/21,2007/3/6
2009258,Outbound,A3,8095718,Cincinnati,OH,45209,High Point,NC,27264,LTL,998,92.5,2,2007/3/6,2007/3/19
2009273,Outbound,A1,8095733,Macon,GA,31212,Lima,OH,45802,LTL,1015,55,2,2007/3/2,2007/3/15
2009283,Outbound,A2,8095743,Macon,GA,31212,Winston Salem,NC,27102,LTL,1031,70,2,2007/2/13,2007/3/1
2009298,Outbound,A1,8095758,Cincinnati,OH,45209,Winston Salem,NC,27102,LTL,1065,55,2,2006/11/21,2007/3/21
2009312,Outbound,A5,8095772,Cincinnati,OH,45209,Knoxville,TN,37950,LTL,1082,200,2,2007/3/16,2007/3/27
2009313,Outbound,A1,8095773,Macon,GA,31212,Dothan,AL,36301,LTL,1087,55,2,2007/2/28,2007/3/14
2009330,Outbound,A4,8095790,Cincinnati,OH,45209,Erie,PA,16501,LTL,1107,125,2,2006/10/9,2007/3/5
2009335,Outbound,A4,8095795,Macon,GA,31212,Conway,SC,29526,LTL,1112,125,2,2007/2/21,2007/3/6
2009358,Outbound,A1,8095818,Cincinnati,OH,45209,Jackson,GA,30233,LTL,1164,55,2,2007/3/1,2007/3/9
2009365,Outbound,A1,8095825,Macon,GA,31212,Columbus,OH,43216,LTL,1171,55,2,2006/11/2,2007/3/23
2009370,Outbound,A2,8095830,Macon,GA,31212,Chattanooga,TN,37401,LTL,1174,70,2,2007/2/19,2007/3/1
2009371,Outbound,A1,8095831,Cincinnati,OH,45209,Springfield,OH,45501,LTL,1174,55,2,2007/2/15,2007/3/12
2009372,Outbound,A1,8095832,Macon,GA,31212,Toledo,OH,43601,LTL,1183,55,2,2007/3/19,2007/3/27
2009384,Outbound,A4,8095844,Cincinnati,OH,45209,Akron,OH,44309,LTL,1200,125,2,2007/3/9,2007/3/20
2009385,Outbound,A3,8095845,Macon,GA,31212,Richmond,VA,23219,LTL,1202,92.5,2,2007/3/14,2007/3/23
2009400,Outbound,A3,8095860,Cincinnati,OH,45209,Johnson City,TN,37601,LTL,1239,92.5,2,2007/3/6,2007/3/19
2009401,Outbound,A4,8095861,Macon,GA,31212,Winston Salem,NC,27102,LTL,1244,125,2,2007/3/16,2007/3/26
2009408,Outbound,A1,8095868,Macon,GA,31212,Birmingham,AL,35203,LTL,1256,55,2,2007/3/14,2007/3/27
2009409,Outbound,A2,8095869,Macon,GA,31212,Macon,GA,31201,LTL,1257,70,2,2007/2/20,2007/3/6
2009440,Outbound,A4,8095900,Macon,GA,31212,Akron,OH,44309,LTL,2604,125,4,2007/3/14,2007/3/29
2009448,Outbound,A1,8095908,Macon,GA,31212,Peachtree City,GA,30269,LTL,2617,55,4,2007/2/22,2007/3/13
2009515,Outbound,A3,8095975,Macon,GA,31212,Cleveland,TN,37311,LTL,2744,92.5,4,2007/3/8,2007/3/21
2009530,Outbound,A3,8095990,Cincinnati,OH,45209,Greenville,SC,29612,LTL,2780,92.5,4,2007/2/26,2007/3/5
2009552,Outbound,A4,8096012,Macon,GA,31212,Rome,GA,30165,LTL,2819,125,4,2007/3/13,2007/3/15
2009557,Outbound,A3,8096017,Cincinnati,OH,45209,LaGrange,GA,30240,LTL,2830,92.5,4,2007/2/19,2007/3/5
2009564,Outbound,A2,8096024,Cincinnati,OH,45209,Greenville,SC,29612,LTL,2838,70,4,2007/2/7,2007/3/6
2009566,Outbound,A5,8096026,Macon,GA,31212,Birmingham,AL,35203,LTL,2843,200,4,2007/3/15,2007/3/30
2009575,Outbound,A3,8096035,Cincinnati,OH,45209,Peachtree City,GA,30269,LTL,2864,92.5,4,2007/2/13,2007/3/2
2009584,Outbound,A1,8096044,Macon,GA,31212,Johnson City,TN,37601,LTL,2878,55,4,2007/2/23,2007/3/7
2009594,Outbound,A1,8096054,Macon,GA,31212,Erie,PA,16501,LTL,2906,55,4,2007/3/12,2007/3/22
2009605,Outbound,A1,8096065,Macon,GA,31212,LaGrange,GA,30240,LTL,2928,55,4,2007/3/15,2007/3/30
2009607,Outbound,A4,8096067,Cincinnati,OH,45209,Myrtle Beach,SC,29572,LTL,2929,125,4,2007/2/22,2007/3/6
2009626,Outbound,A3,8096086,Cincinnati,OH,45209,Johnson City,TN,37601,LTL,2953,92.5,4,2007/2/21,2007/3/7
2009643,Outbound,A5,8096103,Cincinnati,OH,45209,Greenville,SC,29612,LTL,2991,200,4,2007/3/5,2007/3/20
2009651,Outbound,A3,8096111,Macon,GA,31212,Jackson,GA,30233,LTL,2998,92.5,4,2007/2/13,2007/3/27
2009653,Outbound,A3,8096113,Cincinnati,OH,45209,Columbus,OH,43216,LTL,3002,92.5,4,2007/3/1,2007/3/16
2009661,Outbound,A1,8096121,Macon,GA,31212,Mount Pleasant,SC,29464,LTL,3021,55,4,2007/3/21,2007/3/29
2009682,Outbound,A1,8096142,Cincinnati,OH,45209,Spartanburg,SC,29304,LTL,3076,55,4,2007/3/20,2007/3/29
2009684,Outbound,A4,8096144,Macon,GA,31212,Winston Salem,NC,27102,LTL,3082,125,5,2007/2/26,2007/3/12
2009700,Vendor Direct,B1,8096160,Charleston,SC,29403,Pittsburgh,PA,15233,LTL,390,70,1,2007/3/6,2007/3/26
2009769,Vendor Direct,B1,8096229,Charleston,SC,29403,Bluefield,VA,24605,LTL,2675,70,4,2007/3/2,2007/3/9
2009772,Vendor Direct,B1,8096232,Charleston,SC,29403,Pittsburgh,PA,15233,LTL,193,70,1,2007/3/19,2007/3/30
2009779,Vendor Direct,B1,8096239,Charleston,SC,29403,Cleveland,OH,44101,LTL,1190,70,2,2007/3/15,2007/3/30
2009794,Vendor Direct,B1,8096254,Charleston,SC,29403,Lexington,KY,40507,LTL,2691,70,4,2007/2/22,2007/3/12
2009805,Vendor Direct,B1,8096265,Charleston,SC,29403,Cleveland,TN,37311,LTL,153,70,1,2007/3/1,2007/3/9
2009839,Vendor Direct,B1,8096299,Charleston,SC,29403,Cleveland,TN,37311,LTL,948,70,2,2007/2/21,2007/3/1
2009862,Vendor Direct,B1,8096322,Charleston,SC,29403,Staunton,VA,24401,LTL,2828,70,4,2007/3/21,2007/3/30
2009869,Vendor Direct,B1,8096329,Charleston,SC,29403,Bowling Green,KY,42101,LTL,535,70,1,2007/3/16,2007/3/28
2009871,Vendor Direct,B1,8096331,Charleston,SC,29403,Alpharetta,GA,30022,LTL,902,70,2,2007/3/2,2007/3/16
2009891,Vendor Direct,B1,8096351,Charleston,SC,29403,Fort Wayne,IN,46802,LTL,374,70,1,2007/3/14,2007/3/23
2009897,Vendor Direct,B1,8096357,Charleston,SC,29403,Lima,OH,45802,LTL,882,70,2,2007/2/28,2007/3/12
2009901,Vendor Direct,B1,8096361,Charleston,SC,29403,Erie,PA,16501,LTL,949,70,2,2007/2/20,2007/3/8
2009902,Vendor Direct,B1,8096362,Charleston,SC,29403,Richmond,VA,23219,LTL,859,70,2,2007/3/12,2007/3/19
2009911,Vendor Direct,B1,8096371,Charleston,SC,29403,Erie,PA,16501,LTL,1110,70,2,2007/3/22,2007/3/29
2009914,Vendor Direct,B1,8096374,Charleston,SC,29403,Warner Robins,GA,31095,LTL,819,70,2,2007/2/21,2007/3/2
2009935,Vendor Direct,B1,8096395,Charleston,SC,29403,Rome,GA,30165,LTL,402,70,1,2007/3/15,2007/3/21
2009936,Vendor Direct,B1,8096396,Charleston,SC,29403,Knoxville,TN,37950,LTL,334,70,1,2007/3/14,2007/3/26
2009942,Vendor Direct,B1,8096402,Charleston,SC,29403,Asheville,NC,28801,LTL,1176,70,2,2007/2/27,2007/3/13
2009958,Vendor Direct,B1,8096418,Charleston,SC,29403,Columbus,OH,43216,LTL,1143,70,2,2007/2/12,2007/3/1
2009959,Vendor Direct,B1,8096419,Charleston,SC,29403,Cleveland,TN,37311,LTL,1025,70,2,2007/3/8,2007/3/19
2009979,Vendor Direct,B1,8096439,Charleston,SC,29403,Perry,GA,31069,LTL,1080,70,2,2007/2/20,2007/3/2
2009985,Vendor Direct,B1,8096445,Charleston,SC,29403,Macon,GA,31201,LTL,117,70,1,2007/2/20,2007/3/8
2009989,Vendor Direct,B1,8096449,Charleston,SC,29403,Staunton,VA,24401,LTL,2829,70,4,2007/3/8,2007/3/27
2009990,Vendor Direct,B1,8096450,Charleston,SC,29403,Asheville,NC,28801,LTL,2815,70,4,2007/3/20,2007/3/29
2009998,Vendor Direct,B1,8096458,Charleston,SC,29403,Macon,GA,31201,LTL,2860,70,4,2007/3/6,2007/3/27
2010012,Vendor Direct,B1,8096472,Charleston,SC,29403,Hagerstown,MD,21740,LTL,2876,70,4,2007/3/14,2007/3/28
2010016,Vendor Direct,B1,8096476,Charleston,SC,29403,Lima,OH,45802,LTL,578,70,1,2007/3/8,2007/3/23
2010032,Vendor Direct,B1,8096492,Charleston,SC,29403,Asheville,NC,28801,LTL,1045,70,2,2007/3/6,2007/3/8
2010060,Vendor Direct,B1,8096520,Charleston,SC,29403,Mount Pleasant,SC,29464,LTL,831,70,2,2007/3/1,2007/3/14
2010064,Vendor Direct,B1,8096524,Charleston,SC,29403,Dothan,AL,36301,LTL,2607,70,4,2007/3/12,2007/3/22
2010072,Vendor Direct,B1,8096532,Charleston,SC,29403,Warner Robins,GA,31095,LTL,2996,70,4,2007/3/20,2007/3/27
2010073,Vendor Direct,B1,8096533,Charleston,SC,29403,Fort Wayne,IN,46802,LTL,2666,70,4,2007/2/27,2007/3/12